word, attempts, failed, match loop, required loop, allowed loop
bleed, 7125, 31, 1682713, 64088, 4302252
bleep, 7152, 31, 1679971, 65449, 4324936
meant, 6921, 33, 1817795, 59967, 4503342
blame, 6922, 33, 1724437, 66508, 4346628
scope, 6884, 34, 1347940, 94023, 3688166
space, 6872, 35, 1378182, 66326, 3589115
scold, 6985, 35, 1477552, 98171, 3939400
scamp, 7044, 35, 1337173, 121476, 3600892
plane, 6772, 36, 1823442, 58055, 4525479
clasp, 6796, 36, 1534879, 106376, 4030081
spite, 6809, 36, 1418290, 74005, 3833884
split, 6817, 36, 1472021, 94645, 3986523
blast, 6902, 36, 1468738, 76142, 3828759
chasm, 7092, 36, 1559413, 104108, 4070779
strip, 6839, 37, 1443691, 108244, 3886912
palsy, 6904, 37, 1661763, 115409, 4320751
chant, 6942, 37, 1752868, 71564, 4473274
grasp, 7005, 37, 1584358, 91127, 4017484
scram, 7029, 37, 1398130, 95745, 3706166
shelf, 7092, 37, 1500379, 114843, 4012229
swamp, 7286, 37, 1512720, 133803, 4042792
slant, 6753, 38, 1503633, 63219, 3809451
plant, 6781, 38, 1740784, 62067, 4359328
place, 6825, 38, 1768698, 65928, 4428142
onset, 6836, 38, 1667849, 86806, 4421949
islet, 6863, 38, 1647190, 87430, 4459258
smote, 6882, 38, 1425264, 73733, 3813697
belch, 7088, 38, 1669323, 100186, 4333200
spent, 6799, 39, 1336888, 74088, 3660502
depot, 6875, 39, 1731686, 88137, 4476938
pedal, 6880, 39, 1827557, 82247, 4567569
scrap, 6907, 39, 1349807, 95498, 3574901
pride, 7003, 39, 1817761, 78499, 4610995
shape, 7039, 39, 1460501, 75606, 3739765
swept, 7068, 39, 1331836, 105802, 3712863
smack, 7192, 39, 1502160, 105204, 4005758
beast, 6811, 40, 1444124, 67714, 3654926
abled, 6881, 40, 1886725, 108138, 4946622
baste, 6885, 40, 1500158, 71136, 3838660
blade, 6886, 40, 1704735, 63344, 4308086
smite, 6898, 40, 1460842, 77277, 3940617
copse, 6905, 40, 1493020, 87743, 3983552
those, 6928, 40, 1653103, 80611, 4353421
ralph, 7002, 40, 1936184, 104435, 4746862
phase, 7023, 40, 1565479, 72416, 3992535
march, 7039, 40, 1781210, 101179, 4485667
thank, 7160, 40, 1944166, 71945, 4950356
dealt, 6723, 41, 1785032, 54973, 4398501
slept, 6767, 41, 1330490, 77902, 3538594
scone, 6841, 41, 1424712, 73172, 3792233
decal, 6870, 41, 1815403, 83679, 4605273
cable, 6917, 41, 1787520, 88493, 4574991
spend, 6950, 41, 1392053, 86290, 3810700
camel, 6951, 41, 1783972, 78999, 4454072
sadly, 7018, 41, 1616732, 76355, 4084618
spawn, 7097, 41, 1451503, 104438, 3846694
crest, 6721, 42, 1496800, 83796, 3963097
spilt, 6812, 42, 1475670, 92287, 3964700
borne, 6887, 42, 1759157, 52507, 4325459
crisp, 6893, 42, 1522268, 107214, 3979460
sober, 6929, 42, 1474967, 77658, 3744352
pesto, 6934, 42, 1532727, 100695, 4043586
ample, 7033, 42, 1891954, 112069, 4937596
snack, 7125, 42, 1553044, 75814, 4022513
shack, 7218, 42, 1538491, 77829, 3913768
smock, 7282, 42, 1462619, 141684, 4026699
splat, 6734, 43, 1409569, 86204, 3685840
plate, 6745, 43, 1716678, 49639, 4268580
table, 6757, 43, 1850900, 86671, 4739401
spelt, 6776, 43, 1349868, 82531, 3649411
slope, 6819, 43, 1471663, 73916, 3815387
maple, 6925, 43, 1894934, 92460, 4803234
sharp, 6947, 43, 1488594, 84299, 3729433
pried, 6971, 43, 1825080, 66280, 4563890
snake, 6988, 43, 1536191, 60609, 3911507
phone, 6990, 43, 1892099, 73486, 4795916
model, 7005, 43, 1852716, 70315, 4580829
tempo, 7039, 43, 1749633, 117200, 4539312
slack, 7058, 43, 1581874, 79922, 4018771
amble, 7073, 43, 1869521, 130864, 5019616
crump, 7124, 43, 1752299, 118060, 4465100
flesh, 7136, 43, 1575104, 114216, 4212276
speed, 7400, 43, 1439707, 90405, 3968785
coast, 6768, 44, 1558530, 79763, 3942654
stone, 6780, 44, 1485562, 64122, 3884755
sport, 6793, 44, 1470846, 91649, 3928032
slice, 6798, 44, 1477749, 65543, 3799135
trope, 6894, 44, 1791372, 80702, 4510710
scald, 6908, 44, 1447378, 90769, 3814893
spade, 6933, 44, 1442160, 71179, 3750802
clamp, 6974, 44, 1735448, 103576, 4439371
mange, 7072, 44, 1880992, 69036, 4703184
scowl, 7081, 44, 1539662, 128472, 4169490
child, 7095, 44, 1806161, 94602, 4668843
scene, 7271, 44, 1456326, 69139, 3987316
scalp, 6789, 45, 1405096, 106872, 3717042
enact, 6810, 45, 1777487, 66031, 4514363
crept, 6842, 45, 1570710, 76029, 4072517
feast, 6846, 45, 1513256, 69369, 3846395
angst, 6874, 45, 1594158, 106649, 4299366
smelt, 6884, 45, 1382029, 84326, 3749469
plier, 6891, 45, 1762474, 57145, 4423515
chest, 6898, 45, 1463159, 92369, 4005467
shone, 6912, 45, 1576238, 70556, 4039241
clash, 6927, 45, 1621411, 92255, 4148760
facet, 6952, 45, 1670113, 65879, 4207321
upset, 6954, 45, 1602251, 98827, 4417184
spank, 7029, 45, 1474165, 84955, 3882627
scrum, 7076, 45, 1466535, 123348, 3935046
nymph, 7374, 45, 1971330, 144151, 5379718
inlet, 6804, 46, 1878238, 71754, 4855741
spine, 6850, 46, 1477782, 77383, 3963741
parse, 6873, 46, 1581381, 75682, 4056746
blend, 6934, 46, 1658073, 73716, 4255758
crash, 6935, 46, 1575874, 78697, 3930794
plied, 6944, 46, 1842499, 71069, 4689924
purse, 6971, 46, 1564828, 93795, 4153111
gnash, 6977, 46, 1603033, 91104, 4131475
sperm, 6994, 46, 1346156, 96177, 3674550
chase, 6997, 46, 1540497, 62789, 3920451
cleft, 7004, 46, 1627676, 89995, 4310778
stamp, 7022, 46, 1391131, 105564, 3715496
bathe, 7030, 46, 1695816, 65886, 4183052
bicep, 7036, 46, 1668169, 80706, 4307103
spied, 7080, 46, 1488942, 81032, 3985162
shame, 7084, 46, 1525995, 75363, 3895578
plume, 7191, 46, 1845422, 88711, 4704549
fetch, 7217, 46, 1643224, 106810, 4410679
crumb, 7244, 46, 1769172, 123877, 4527051
embed, 7426, 46, 1779555, 115039, 4931497
trash, 6762, 47, 1665604, 84273, 4174606
caste, 6807, 47, 1519764, 71789, 3903408
paste, 6840, 47, 1538324, 77318, 3965976
lapse, 6847, 47, 1701753, 100402, 4412219
strap, 6871, 47, 1368352, 81902, 3589244
store, 6892, 47, 1424209, 62538, 3722550
gaunt, 6938, 47, 1874999, 69154, 4688001
tramp, 6940, 47, 1812906, 81142, 4548075
pansy, 6969, 47, 1616374, 103112, 4254434
probe, 7022, 47, 1731751, 84924, 4418909
spray, 7022, 47, 1480797, 75215, 3896914
pulse, 7023, 47, 1614133, 95279, 4267492
trick, 7030, 47, 1869361, 79518, 4733697
farce, 7034, 47, 1726460, 68551, 4367312
decor, 7039, 47, 1742668, 84876, 4481500
horde, 7051, 47, 1934849, 63139, 4764237
stank, 7052, 47, 1525631, 66976, 3973525
chose, 7056, 47, 1528708, 77778, 4042031
death, 7076, 47, 1796840, 62443, 4432792
depth, 7092, 47, 1719824, 94997, 4522585
screw, 7101, 47, 1389942, 108651, 3810944
graph, 7162, 47, 1853804, 82042, 4583928
power, 7225, 47, 1797921, 76840, 4509587
leapt, 6679, 48, 1817755, 74276, 4511701
scant, 6811, 48, 1424554, 74464, 3761056
delta, 6825, 48, 1771188, 66885, 4388838
penal, 6852, 48, 1816038, 67660, 4463951
spurt, 6864, 48, 1476612, 100377, 3975846
frost, 6881, 48, 1584577, 91279, 4120248
tripe, 6895, 48, 1792553, 67723, 4502204
snide, 6918, 48, 1537220, 71623, 4028483
smile, 6926, 48, 1561083, 82379, 4151069
party, 6953, 48, 1770482, 60378, 4460254
poser, 6955, 48, 1551799, 80326, 3969735
blare, 6958, 48, 1710657, 48768, 4245296
storm, 6966, 48, 1507186, 90099, 3945756
slime, 6971, 48, 1549953, 73794, 3979765
stomp, 7003, 48, 1416901, 132895, 3840064
stoke, 7021, 48, 1445577, 69013, 3808301
bagel, 7028, 48, 1748694, 70459, 4378845
inept, 7040, 48, 1796940, 90814, 4728517
gripe, 7042, 48, 1775886, 76871, 4524243
prism, 7047, 48, 1620454, 111257, 4241166
patsy, 7079, 48, 1562431, 90072, 4058803
shank, 7079, 48, 1559747, 72464, 3930284
prime, 7125, 48, 1796303, 71492, 4519948
speak, 7134, 48, 1507103, 85394, 3946045
often, 7140, 48, 1912882, 104935, 5119516
crowd, 7183, 48, 1828642, 118069, 4746033
smoke, 7191, 48, 1511819, 90671, 4056216
glyph, 7255, 48, 1867283, 113349, 4971128
shaky, 7273, 48, 1604827, 69746, 4029376
chump, 7295, 48, 1748941, 150267, 4585321
comfy, 7301, 48, 1859885, 119993, 4823514
panel, 6766, 49, 1813332, 66405, 4478183
petal, 6798, 49, 1728676, 64106, 4275189
stole, 6806, 49, 1452938, 59357, 3755388
spire, 6862, 49, 1440080, 74138, 3813385
spare, 6879, 49, 1417318, 64810, 3673297
score, 6922, 49, 1385761, 74912, 3696766
basil, 6926, 49, 1520818, 85525, 3882564
sprig, 6934, 49, 1484404, 108365, 3953956
caput, 6965, 49, 1712463, 86010, 4335696
cramp, 6968, 49, 1686159, 86688, 4237146
comet, 6971, 49, 1657837, 73968, 4209889
impel, 6972, 49, 1856496, 106189, 4958051
pecan, 6989, 49, 1743207, 73625, 4341300
psalm, 7001, 49, 1580292, 130627, 4254639
fable, 7032, 49, 1867158, 91957, 4762640
shade, 7037, 49, 1497956, 60478, 3754745
marsh, 7043, 49, 1622972, 107861, 4175197
prong, 7050, 49, 1832387, 95862, 4601649
elbow, 7090, 49, 1852039, 132348, 4809943
prude, 7124, 49, 1810427, 86943, 4609560
beset, 7159, 49, 1473171, 74999, 3869787
bench, 7165, 49, 1718501, 95549, 4399082
sally, 7217, 49, 1667479, 72584, 4143915
sleep, 7240, 49, 1472235, 82611, 3897063
shock, 7251, 49, 1499021, 113510, 3937381
blaze, 7253, 49, 1731144, 58646, 4314873
black, 7260, 49, 1799831, 87830, 4603074
rebel, 7279, 49, 1830665, 96984, 4772709
spoon, 7331, 49, 1605600, 129151, 4268259
slate, 6659, 50, 1492839, 50703, 3733984
scale, 6796, 50, 1464599, 72912, 3806615
scare, 6813, 50, 1405576, 60481, 3625865
actor, 6825, 50, 1718276, 74971, 4323302
snipe, 6837, 50, 1468523, 82546, 3925369
scent, 6839, 50, 1348501, 73677, 3695909
octal, 6864, 50, 1793023, 88941, 4605314
snarl, 6878, 50, 1551296, 62067, 3880436
sloth, 6886, 50, 1568729, 87635, 4039493
taper, 6887, 50, 1734129, 76324, 4418739
cadet, 6894, 50, 1650133, 60759, 4159895
olden, 6900, 50, 2016311, 77829, 5086833
spice, 6920, 50, 1334956, 75789, 3599904
worst, 6970, 50, 1658318, 93694, 4230534
shaft, 6971, 50, 1500972, 103904, 3953127
tuber, 6979, 50, 1781191, 113223, 4754195
stake, 7018, 50, 1463689, 62746, 3765108
stump, 7067, 50, 1418871, 137199, 3853149
crime, 7068, 50, 1726970, 74033, 4388605
stave, 7071, 50, 1458183, 64764, 3744275
pitch, 7089, 50, 1706921, 115622, 4508262
stack, 7089, 50, 1440653, 74148, 3777311
flash, 7095, 50, 1655251, 96165, 4231245
crimp, 7109, 50, 1700123, 97851, 4335254
safer, 7110, 50, 1558783, 93049, 4029876
shawl, 7128, 50, 1630967, 91221, 4079179
mouse, 7159, 50, 1750849, 84277, 4507810
speck, 7256, 50, 1339133, 97564, 3707321
clump, 7260, 50, 1753863, 119002, 4549861
bevel, 7286, 50, 1747188, 66959, 4407359
whelp, 7315, 50, 1836773, 106677, 4764725
snoop, 7349, 50, 1561647, 123048, 4079633
empty, 7368, 50, 1743001, 93572, 4880995
scoop, 7422, 50, 1432723, 145737, 3905225
stale, 6674, 51, 1453375, 57646, 3711807
siren, 6805, 51, 1606172, 71267, 4071651
since, 6832, 51, 1458902, 61339, 3741237
smart, 6838, 51, 1444675, 73920, 3792454
trice, 6849, 51, 1780453, 60869, 4499197
snore, 6900, 51, 1545920, 67285, 3998726
plead, 6924, 51, 1835267, 76676, 4607073
bloat, 6925, 51, 1681255, 68777, 4253590
brute, 6937, 51, 1691081, 61992, 4266358
stalk, 6942, 51, 1549234, 70984, 4000565
unset, 6948, 51, 1701978, 92720, 4613328
melon, 6967, 51, 1953602, 80388, 4856844
sepia, 6981, 51, 1512475, 77563, 3749695
super, 6990, 51, 1451385, 93403, 3814955
corny, 7006, 51, 1914966, 70319, 4743845
fecal, 7039, 51, 1736346, 85193, 4405592
erupt, 7039, 51, 1853612, 101956, 4745073
charm, 7047, 51, 1749637, 82704, 4406268
force, 7050, 51, 1754576, 76906, 4489151
sneak, 7060, 51, 1497125, 65193, 3811341
stock, 7115, 51, 1469405, 109181, 3943054
cavil, 7128, 51, 1896696, 71987, 4669381
plush, 7129, 51, 1734660, 139166, 4553154
sleet, 7151, 51, 1486000, 63237, 3889058
phony, 7177, 51, 2030996, 99026, 5178936
welch, 7249, 51, 1843832, 109241, 4747683
hardy, 7304, 51, 1925456, 78104, 4883439
wench, 7334, 51, 1863461, 110507, 4768017
fleet, 7403, 51, 1704151, 65297, 4441626
trace, 6704, 52, 1716987, 53158, 4293065
crate, 6721, 52, 1653638, 43073, 4086613
shalt, 6790, 52, 1510654, 73181, 3841116
spiel, 6809, 52, 1474735, 81739, 3945957
haunt, 6872, 52, 1955929, 80705, 4878713
ascot, 6878, 52, 1477556, 106740, 3906795
short, 6878, 52, 1547112, 88596, 4015150
heart, 6897, 52, 1858005, 57400, 4578357
berth, 6898, 52, 1638114, 73166, 4183779
boast, 6905, 52, 1531971, 75378, 3855605
first, 6934, 52, 1540431, 105075, 4060596
atone, 6936, 52, 1889305, 58935, 4581667
nadir, 6937, 52, 2040732, 82300, 5113146
leach, 6945, 52, 1913302, 88959, 4723468
shoal, 6945, 52, 1587589, 82315, 3914069
dance, 6948, 52, 1840280, 63960, 4610679
medal, 6952, 52, 1887214, 87226, 4747844
ripen, 6955, 52, 1949296, 95295, 5009474
stage, 6966, 52, 1397684, 62744, 3625074
cried, 6971, 52, 1752396, 68308, 4400152
shard, 6974, 52, 1510468, 67308, 3793403
lemon, 6978, 52, 2010943, 104210, 5093134
filet, 6981, 52, 1708174, 63881, 4338988
adept, 6984, 52, 1724935, 89584, 4464130
false, 6990, 52, 1658025, 83481, 4227649
patch, 6996, 52, 1714206, 99482, 4409586
swath, 7008, 52, 1547500, 92295, 4059767
paler, 7009, 52, 1809621, 59669, 4396132
stony, 7012, 52, 1618718, 81380, 4254957
clued, 7026, 52, 1757717, 81707, 4503667
pause, 7047, 52, 1679471, 74157, 4213011
trawl, 7053, 52, 1888068, 72419, 4663899
ghost, 7055, 52, 1624045, 91097, 4244774
ashen, 7061, 52, 1620902, 93505, 4164444
slide, 7063, 52, 1560562, 69561, 4013903
spark, 7093, 52, 1545324, 76695, 3952168
sower, 7095, 52, 1562676, 80824, 3942917
began, 7113, 52, 1727122, 72331, 4329249
sword, 7128, 52, 1634691, 110608, 4359478
brief, 7129, 52, 1740202, 97012, 4428435
harpy, 7135, 52, 1891124, 85404, 4760140
ditch, 7187, 52, 1773518, 111909, 4683133
epoch, 7263, 52, 1743426, 140641, 4668232
fleck, 7292, 52, 1717102, 88117, 4506347
shady, 7296, 52, 1576770, 63562, 3945023
lance, 6755, 53, 1961728, 78286, 4929138
shirt, 6840, 53, 1530030, 85011, 4003122
pleat, 6841, 53, 1709670, 60024, 4261841
saint, 6843, 53, 1586837, 76439, 3974077
close, 6882, 53, 1543861, 68934, 4006540
steam, 6894, 53, 1413542, 74175, 3666987
price, 6898, 53, 1704088, 68425, 4313037
caper, 6900, 53, 1637715, 69237, 4095254
sedan, 6910, 53, 1510502, 61481, 3766855
saner, 6911, 53, 1528713, 55647, 3770526
brace, 6914, 53, 1639225, 56717, 4105348
retch, 6939, 53, 1753217, 117274, 4695091
solid, 6944, 53, 1699927, 86277, 4226429
skate, 7002, 53, 1485510, 60056, 3845902
spurn, 7021, 53, 1575514, 119217, 4220000
guest, 7037, 53, 1554253, 84071, 4122848
peach, 7062, 53, 1770489, 81447, 4362144
valet, 7063, 53, 1949766, 61528, 4812076
chord, 7077, 53, 1806995, 98399, 4685286
older, 7077, 53, 1909162, 75768, 4842311
batch, 7082, 53, 1669549, 95963, 4301697
mince, 7092, 53, 1853053, 75940, 4769409
voter, 7108, 53, 1872627, 63568, 4672322
fibre, 7121, 53, 1710116, 95160, 4510328
champ, 7130, 53, 1694232, 113751, 4351658
group, 7165, 53, 1927262, 126837, 4918982
slump, 7166, 53, 1530122, 123856, 3995331
slick, 7179, 53, 1582961, 84382, 4105290
abide, 7209, 53, 1908246, 83665, 4828269
peace, 7264, 53, 1783403, 66365, 4459348
pence, 7332, 53, 1808863, 73955, 4673299
shell, 7341, 53, 1520495, 84117, 3954657
plumb, 7416, 53, 1878134, 122847, 4814073
photo, 7469, 53, 1818300, 97687, 4648308
bezel, 7474, 53, 1714413, 55905, 4273805
spoof, 7630, 53, 1557822, 154246, 4250709
salon, 6739, 54, 1622969, 80942, 3981880
plait, 6745, 54, 1787890, 65731, 4450688
rinse, 6779, 54, 1746887, 86239, 4583940
clean, 6846, 54, 1813331, 67627, 4513952
snare, 6862, 54, 1516790, 53885, 3851203
shale, 6884, 54, 1560770, 65747, 3922440
noble, 6895, 54, 2002678, 92988, 5034405
trend, 6898, 54, 1791172, 66384, 4564462
leash, 6910, 54, 1744639, 90064, 4334478
trade, 6918, 54, 1840313, 52395, 4536527
prone, 6929, 54, 1837570, 69294, 4587112
recap, 6933, 54, 1728454, 98151, 4403986
teach, 6934, 54, 1811267, 81791, 4531520
sting, 6966, 54, 1509150, 98519, 3977970
haste, 6968, 54, 1648267, 78433, 4206881
edict, 6999, 54, 1711671, 93693, 4588425
wrath, 7000, 54, 1929473, 65386, 4700142
prawn, 7019, 54, 1853430, 79797, 4544090
perch, 7020, 54, 1688975, 111466, 4397507
ranch, 7031, 54, 1989408, 105833, 4945064
wrest, 7033, 54, 1584464, 86718, 4161092
crypt, 7041, 54, 1659066, 77052, 4337203
bluer, 7058, 54, 1707498, 67803, 4309956
mirth, 7060, 54, 1837122, 93650, 4675976
elfin, 7072, 54, 1981348, 112148, 5203372
smith, 7080, 54, 1499244, 110746, 4042360
frame, 7099, 54, 1785628, 63568, 4453770
taken, 7107, 54, 1928412, 74989, 4882171
human, 7112, 54, 2015396, 103044, 5028749
towel, 7125, 54, 1857622, 82013, 4709471
spoke, 7140, 54, 1451685, 85872, 3895092
bowel, 7148, 54, 1715601, 78547, 4281876
harem, 7148, 54, 1898749, 76734, 4684753
throb, 7148, 54, 1879070, 127129, 4911643
mangy, 7155, 54, 1917815, 84890, 4934090
match, 7156, 54, 1749352, 104357, 4517544
shrew, 7159, 54, 1525210, 106339, 4038749
grime, 7168, 54, 1833420, 73036, 4650633
flyer, 7201, 54, 1740764, 65510, 4578405
beget, 7240, 54, 1618860, 63373, 4169793
mulch, 7292, 54, 1864305, 130507, 4804952
spell, 7328, 54, 1445591, 92204, 3925889
spool, 7359, 54, 1614324, 114814, 4258362
skimp, 7394, 54, 1504978, 132545, 4097333
sweep, 7592, 54, 1495119, 112410, 4171120
laden, 6826, 55, 2007803, 86160, 5054116
share, 6869, 55, 1517108, 55601, 3794816
chart, 6879, 55, 1734066, 66292, 4368463
tried, 6880, 55, 1845551, 62466, 4639518
torch, 6897, 55, 1884873, 105411, 4792303
debut, 6912, 55, 1790570, 116708, 4735781
setup, 6950, 55, 1434263, 103168, 3770361
shorn, 6956, 55, 1682818, 90182, 4273813
tulip, 6958, 55, 1933823, 92831, 4897463
brash, 6982, 55, 1515229, 78028, 3772633
skirt, 6988, 55, 1542224, 84514, 4117989
claim, 6989, 55, 1848063, 83482, 4637335
sweat, 6999, 55, 1469156, 87111, 3849768
blunt, 7001, 55, 1769508, 75493, 4520525
soapy, 7011, 55, 1558992, 77185, 3867700
rabid, 7020, 55, 1913443, 116333, 4947223
tower, 7024, 55, 1829098, 82123, 4635857
tipsy, 7036, 55, 1651349, 114653, 4421687
midst, 7037, 55, 1580831, 105972, 4221458
barge, 7041, 55, 1732840, 65322, 4370107
dirge, 7066, 55, 1852015, 87318, 4796710
begat, 7071, 55, 1624661, 62371, 4068266
swine, 7072, 55, 1598891, 91624, 4277265
ridge, 7078, 55, 1906065, 103188, 5025296
credo, 7089, 55, 1710209, 85645, 4338237
slink, 7089, 55, 1722425, 77543, 4340199
adopt, 7094, 55, 1743649, 91205, 4485574
balmy, 7099, 55, 1791935, 77037, 4519604
clerk, 7102, 55, 1683520, 75338, 4299919
manic, 7121, 55, 1848377, 85235, 4644511
shark, 7128, 55, 1634406, 69474, 4070176
below, 7148, 55, 1734435, 115103, 4389759
doubt, 7154, 55, 1923119, 105175, 4921560
purge, 7173, 55, 1773190, 91742, 4630988
sheik, 7244, 55, 1631092, 85229, 4189962
badly, 7244, 55, 1763195, 62514, 4448552
swarm, 7253, 55, 1586931, 100148, 4132796
pubic, 7341, 55, 1847086, 115517, 4759905
flock, 7345, 55, 1819839, 101790, 4756181
lymph, 7425, 55, 1973374, 149483, 5451196
cabal, 7475, 55, 1788082, 104297, 4605386
spasm, 7549, 55, 1478924, 87471, 3874660
chess, 7589, 55, 1485433, 96324, 3915305
swoop, 7625, 55, 1602270, 156651, 4314049
least, 6638, 56, 1619433, 73345, 4072056
steal, 6721, 56, 1443877, 69173, 3710720
leant, 6743, 56, 1879048, 62594, 4631550
stair, 6749, 56, 1496752, 61900, 3770718
trail, 6856, 56, 1925033, 54158, 4685693
crone, 6861, 56, 1791158, 68565, 4513758
brine, 6878, 56, 1721701, 57024, 4295985
spear, 6897, 56, 1433999, 70008, 3708006
shire, 6901, 56, 1541360, 64469, 3920006
hotel, 6915, 56, 1871069, 63562, 4638971
shine, 6918, 56, 1568611, 65961, 4014780
loser, 6940, 56, 1651938, 76056, 4183259
spout, 6954, 56, 1572422, 116677, 4222426
glade, 6977, 56, 1833357, 67489, 4646561
adult, 6988, 56, 1846721, 90190, 4744775
sonic, 6999, 56, 1570469, 92369, 3947248
prose, 7003, 56, 1571872, 80390, 4075725
salvo, 7035, 56, 1630198, 91815, 4023070
agent, 7042, 56, 1809980, 75826, 4623824
delay, 7045, 56, 1946562, 76124, 4884129
liken, 7048, 56, 2087310, 91953, 5301791
notch, 7056, 56, 1993283, 122276, 5171399
hotly, 7058, 56, 1982454, 68290, 4938074
trump, 7063, 56, 1877190, 107666, 4779764
crawl, 7071, 56, 1831599, 73395, 4455368
unmet, 7079, 56, 1915216, 89456, 5080162
scarf, 7081, 56, 1459829, 105247, 3849044
other, 7083, 56, 1802689, 90706, 4660339
twice, 7089, 56, 1755920, 87076, 4689769
sumac, 7104, 56, 1467223, 101273, 3767946
light, 7120, 56, 1952411, 96097, 5037477
idler, 7134, 56, 1957854, 94084, 5104374
bleak, 7135, 56, 1750601, 71975, 4383027
chalk, 7135, 56, 1895238, 78100, 4689743
shiny, 7138, 56, 1696703, 77055, 4431308
fiber, 7162, 56, 1676571, 94763, 4386060
chide, 7171, 56, 1781301, 78751, 4559178
shake, 7187, 56, 1577463, 68292, 3970762
shown, 7189, 56, 1669045, 139757, 4392837
gulch, 7220, 56, 1855721, 111949, 4778166
welsh, 7230, 56, 1710027, 123148, 4504871
scuba, 7248, 56, 1436148, 117427, 3812592
pouch, 7251, 56, 1926006, 131924, 4877649
imply, 7270, 56, 2040152, 134063, 5560463
maybe, 7281, 56, 1874061, 75028, 4719061
thyme, 7301, 56, 1852960, 89016, 4971497
blimp, 7329, 56, 1766435, 103096, 4545122
shuck, 7338, 56, 1541726, 121199, 4075648
sloop, 7356, 56, 1597517, 110196, 4086264
these, 7363, 56, 1604408, 89351, 4369552
smell, 7370, 56, 1515419, 101066, 4115830
sappy, 7433, 56, 1464994, 80095, 3768935
scoff, 7594, 56, 1484369, 171273, 4072711
cater, 6824, 57, 1614956, 54552, 4020058
tribe, 6897, 57, 1819738, 74026, 4606583
plaid, 6930, 57, 1870104, 77748, 4662035
cloth, 6936, 57, 1769268, 87082, 4540481
glint, 6962, 57, 1879420, 68835, 4804976
moult, 6965, 57, 1937991, 75281, 4776128
prank, 6980, 57, 1882070, 60919, 4578722
wrist, 6980, 57, 1670741, 85679, 4261694
donut, 6991, 57, 1985019, 89935, 4963928
cream, 6992, 57, 1673694, 68075, 4179579
bilge, 6997, 57, 1728327, 68330, 4392771
ramen, 6998, 57, 1929729, 74302, 4820738
glean, 7009, 57, 1846073, 64912, 4611325
grape, 7026, 57, 1746834, 66536, 4406814
broth, 7037, 57, 1751329, 94179, 4431177
bride, 7061, 57, 1729888, 69494, 4343781
globe, 7062, 57, 1723904, 84158, 4439058
dwelt, 7083, 57, 1690446, 79821, 4485774
botch, 7098, 57, 1743443, 111667, 4519883
pasty, 7104, 57, 1567715, 95469, 4109191
niche, 7111, 57, 1966467, 86153, 5003477
wring, 7113, 57, 1958890, 83481, 4836544
world, 7120, 57, 1901364, 94421, 4759578
shied, 7129, 57, 1584868, 71364, 4059755
bland, 7130, 57, 1808767, 74989, 4544487
token, 7136, 57, 1932456, 76482, 4878313
homer, 7139, 57, 1880426, 76624, 4644795
gleam, 7166, 57, 1854723, 79591, 4676385
might, 7181, 57, 1803924, 90542, 4630985
watch, 7184, 57, 1821046, 106942, 4687814
brave, 7186, 57, 1740977, 62945, 4328095
shrub, 7197, 57, 1606598, 133955, 4183181
spike, 7202, 57, 1488805, 85185, 4004102
stove, 7207, 57, 1446189, 74761, 3823888
snaky, 7211, 57, 1623762, 70167, 4141998
chime, 7222, 57, 1764133, 93544, 4585976
chief, 7230, 57, 1822111, 110738, 4742783
tense, 7231, 57, 1676601, 81789, 4458716
pushy, 7247, 57, 1752210, 147775, 4654307
whose, 7270, 57, 1703203, 84806, 4473654
shave, 7271, 57, 1570742, 72502, 3969098
while, 7275, 57, 1965214, 76534, 4980887
flume, 7311, 57, 1847078, 85299, 4731932
drive, 7328, 57, 1919306, 80004, 4833761
knave, 7354, 57, 2034329, 78690, 5184315
hefty, 7367, 57, 1917079, 90550, 5072576
abate, 7379, 57, 1833149, 75356, 4678885
spree, 7398, 57, 1425296, 79878, 3978045
snail, 6867, 58, 1631178, 69470, 4095709
grant, 6869, 58, 1801809, 51165, 4463605
craft, 6877, 58, 1721751, 79144, 4346245
curse, 6887, 58, 1533925, 78539, 4027947
track, 6903, 58, 1857536, 67721, 4602482
relic, 6936, 58, 1847336, 95506, 4670137
earth, 6937, 58, 1828765, 68364, 4502802
horse, 6984, 58, 1754925, 71268, 4442680
sight, 6987, 58, 1490134, 99184, 3880035
forte, 6999, 58, 1736872, 55404, 4332521
yeast, 7004, 58, 1745647, 68415, 4433336
sinew, 7029, 58, 1652409, 95484, 4271200
stand, 7042, 58, 1445540, 62131, 3725849
chard, 7042, 58, 1741966, 69808, 4375250
godly, 7049, 58, 1894617, 73048, 4741375
tubal, 7050, 58, 1856058, 102390, 4745076
carat, 7078, 58, 1737965, 58104, 4374412
scary, 7081, 58, 1483327, 66953, 3819512
board, 7084, 58, 1752577, 59850, 4225264
betel, 7094, 58, 1628992, 56706, 4139652
valid, 7097, 58, 2080844, 77641, 5107102
badge, 7116, 58, 1777040, 70190, 4471740
fried, 7127, 58, 1839634, 65676, 4602510
dowel, 7130, 58, 1896285, 80573, 4713168
swift, 7133, 58, 1529905, 143792, 4250409
scrub, 7139, 58, 1465327, 130644, 3939635
grope, 7144, 58, 1727647, 85106, 4409953
blind, 7156, 58, 1848602, 78613, 4712408
evict, 7164, 58, 1766796, 93171, 4714288
pound, 7172, 58, 1959262, 94171, 4871291
stick, 7175, 58, 1473996, 91075, 3931940
cower, 7175, 58, 1777268, 80139, 4479642
glide, 7176, 58, 1834508, 75565, 4753546
amber, 7182, 58, 1792306, 133267, 4818221
apart, 7210, 58, 1779678, 68262, 4560413
field, 7222, 58, 1827318, 79274, 4671838
stool, 7228, 58, 1582947, 86068, 4085321
medic, 7248, 58, 1801400, 107638, 4623618
midge, 7262, 58, 1829299, 94179, 4785297
eight, 7285, 58, 1859951, 101521, 4813100
class, 7312, 58, 1654920, 95470, 4226341
ethos, 7328, 58, 1595292, 130162, 4300930
hyper, 7349, 58, 1858307, 86430, 4937965
leech, 7366, 58, 1884733, 100728, 4826959
hence, 7388, 58, 1951443, 84552, 5025386
sweet, 7401, 58, 1473193, 88368, 4062598
abase, 7409, 58, 1647002, 77258, 4243186
showy, 7416, 58, 1703541, 120356, 4464838
pooch, 7558, 58, 1817730, 98373, 4570749
print, 6801, 59, 1804973, 66859, 4524767
tapir, 6805, 59, 1806965, 79854, 4545391
eclat, 6809, 59, 1701128, 83802, 4442015
stain, 6834, 59, 1540201, 75504, 3929624
crust, 6841, 59, 1576006, 104146, 4093405
metal, 6850, 59, 1788195, 67657, 4455168
bleat, 6868, 59, 1619789, 58030, 4068029
latch, 6884, 59, 1822842, 103599, 4642222
giant, 6909, 59, 1879662, 62345, 4650816
baton, 6924, 59, 1738211, 70487, 4322524
count, 6936, 59, 1911947, 91879, 4794657
clang, 6937, 59, 1830412, 86045, 4611891
pearl, 6942, 59, 1833629, 55442, 4441537
slang, 6954, 59, 1523675, 81499, 3832947
grace, 6957, 59, 1716933, 57643, 4307531
burst, 6957, 59, 1516764, 87043, 3927592
angle, 6961, 59, 1931228, 95733, 4993653
fling, 6966, 59, 1840872, 84912, 4652311
grind, 6969, 59, 1911560, 75764, 4811697
artsy, 6987, 59, 1642406, 70019, 4145311
porch, 6992, 59, 1789214, 116406, 4557615
birth, 7001, 59, 1722771, 88087, 4373355
bring, 7004, 59, 1760677, 72835, 4386386
bacon, 7012, 59, 1767572, 82578, 4425445
serif, 7015, 59, 1616982, 116301, 4211251
mealy, 7017, 59, 1913658, 71979, 4738473
plank, 7023, 59, 1892301, 81339, 4705291
clank, 7032, 59, 1944590, 86658, 4887988
month, 7038, 59, 1958692, 88200, 4865684
optic, 7052, 59, 1864994, 138119, 4945191
grade, 7054, 59, 1795308, 58762, 4480678
shirk, 7056, 59, 1674101, 84641, 4281724
gamut, 7076, 59, 1877885, 89355, 4764377
stink, 7094, 59, 1583300, 86766, 4174660
tardy, 7096, 59, 1869104, 76675, 4825105
cheap, 7102, 59, 1712754, 88423, 4340434
smirk, 7115, 59, 1614792, 95848, 4246539
hinge, 7123, 59, 2043093, 77850, 5114462
ulcer, 7135, 59, 1831234, 80702, 4719148
golem, 7141, 59, 1784191, 66193, 4424687
punch, 7141, 59, 1843624, 119042, 4745420
coupe, 7142, 59, 1766929, 85055, 4480993
spunk, 7155, 59, 1602347, 123054, 4321522
moldy, 7170, 59, 1990766, 86061, 4968252
dusty, 7178, 59, 1709382, 92854, 4481030
throw, 7182, 59, 1985499, 130281, 5122443
beret, 7183, 59, 1685918, 65477, 4354730
abuse, 7193, 59, 1678470, 90337, 4372369
stuck, 7204, 59, 1441753, 109348, 3916059
canal, 7206, 59, 1920825, 74018, 4739576
poker, 7215, 59, 1784485, 75389, 4493769
munch, 7219, 59, 1868457, 119095, 4806777
budge, 7220, 59, 1710280, 89885, 4464555
steel, 7237, 59, 1497125, 66217, 4008426
pasta, 7267, 59, 1542881, 112459, 4070874
overt, 7272, 59, 1860228, 90660, 4888376
chafe, 7279, 59, 1783228, 93747, 4584864
witch, 7295, 59, 1789811, 121245, 4732165
climb, 7298, 59, 1777903, 112706, 4616442
boost, 7301, 59, 1525953, 68038, 3869032
basal, 7320, 59, 1467333, 91420, 3772558
imbue, 7328, 59, 1973983, 121611, 5252834
repel, 7341, 59, 1795243, 84509, 4626081
steep, 7354, 59, 1382152, 79851, 3798008
blood, 7392, 59, 1779036, 92671, 4476713
filmy, 7399, 59, 1916817, 88550, 4934411
steed, 7408, 59, 1418859, 64800, 3823931
fancy, 7451, 59, 1866293, 76942, 4741477
sheep, 7528, 59, 1445047, 91168, 3887898
heist, 6787, 60, 1694114, 95473, 4409205
posit, 6839, 60, 1663831, 102584, 4318853
mason, 6852, 60, 1615904, 92439, 4093546
baron, 6859, 60, 1753526, 72270, 4305165
clone, 6862, 60, 1780458, 58711, 4512943
sling, 6874, 60, 1625198, 82163, 4097180
stein, 6876, 60, 1515889, 77980, 3979821
stead, 6891, 60, 1400502, 61772, 3613350
spoil, 6930, 60, 1663702, 116857, 4375157
nurse, 6943, 60, 1742143, 86263, 4549436
cling, 6959, 60, 1782245, 77031, 4483298
nicer, 6965, 60, 1917659, 78946, 4903922
motel, 6987, 60, 1759211, 61371, 4388912
spore, 6992, 60, 1413175, 75221, 3742716
rouse, 7008, 60, 1782876, 78193, 4519823
serum, 7012, 60, 1521391, 94653, 3920315
scout, 7012, 60, 1509126, 120533, 4069462
polka, 7027, 60, 1896352, 94021, 4659757
felon, 7049, 60, 1885175, 83066, 4716743
poise, 7053, 60, 1633166, 73437, 4159668
among, 7055, 60, 1905670, 141424, 4939137
habit, 7059, 60, 1886861, 91226, 4795926
pinch, 7070, 60, 1812696, 114823, 4681164
broad, 7076, 60, 1768125, 68430, 4329669
tract, 7078, 60, 1862796, 63128, 4615700
nasty, 7085, 60, 1760524, 84500, 4540217
gland, 7091, 60, 1936320, 78928, 4862497
raspy, 7098, 60, 1604122, 122580, 4252211
scaly, 7103, 60, 1532208, 83802, 3968462
brawl, 7121, 60, 1697957, 68389, 4128054
datum, 7126, 60, 1814153, 85652, 4593300
pithy, 7128, 60, 1814682, 82416, 4650834
ombre, 7144, 60, 1832718, 112697, 4989730
mercy, 7144, 60, 1750719, 91911, 4580470
wrong, 7147, 60, 1933743, 102276, 4842014
swore, 7152, 60, 1542427, 77498, 4068816
house, 7161, 60, 1831708, 84481, 4667460
leaky, 7166, 60, 2035116, 81968, 5049167
lower, 7168, 60, 1891172, 76958, 4733804
syrup, 7172, 60, 1600760, 121083, 4301950
study, 7175, 60, 1537379, 83504, 4083004
pouty, 7179, 60, 1969575, 79037, 4871884
modal, 7180, 60, 1914596, 78073, 4669275
terse, 7180, 60, 1641067, 83550, 4397234
amend, 7186, 60, 1916273, 108788, 4938969
ebony, 7187, 60, 2001651, 116743, 5357198
thief, 7189, 60, 1891759, 105515, 4930940
gamer, 7193, 60, 1795907, 69740, 4497682
covet, 7216, 60, 1707313, 67558, 4305473
nudge, 7216, 60, 1995915, 98061, 5214408
morph, 7219, 60, 1921287, 117014, 4835887
frisk, 7222, 60, 1686561, 82949, 4301820
salad, 7223, 60, 1604895, 71812, 4013037
naive, 7231, 60, 2123471, 61605, 5149106
pudgy, 7239, 60, 1859467, 105328, 4867805
small, 7324, 60, 1622531, 93253, 4203026
stoop, 7336, 60, 1487898, 120008, 3957692
smoky, 7418, 60, 1654939, 115746, 4453006
talon, 6735, 61, 1920465, 80889, 4687933
pilot, 6783, 61, 1863236, 79238, 4701476
loath, 6826, 61, 1968784, 72308, 4778518
aisle, 6879, 61, 1682608, 79973, 4214662
drape, 6922, 61, 1775022, 61384, 4399642
point, 6926, 61, 1891538, 76040, 4698873
stoic, 6933, 61, 1510576, 119051, 3992385
slurp, 6938, 61, 1567941, 97135, 4025969
grate, 6946, 61, 1707953, 43518, 4244127
draft, 6948, 61, 1833459, 74489, 4608348
canoe, 6950, 61, 1816134, 55518, 4398942
noise, 6956, 61, 1878902, 75573, 4763311
chirp, 6962, 61, 1748207, 106179, 4516446
stung, 6971, 61, 1552944, 110375, 4125607
mango, 6983, 61, 1888056, 106287, 4782447
mount, 6999, 61, 1978920, 89291, 4934253
outer, 6999, 61, 1926612, 70769, 4850489
panic, 7010, 61, 1785890, 75461, 4423951
chaos, 7037, 61, 1582035, 92130, 3998872
night, 7041, 61, 1969932, 89087, 5056171
navel, 7057, 61, 2034542, 85358, 5074210
opine, 7065, 61, 2012073, 87763, 5171224
could, 7072, 61, 1909847, 86612, 4769111
spiny, 7077, 61, 1613800, 89363, 4373126
lodge, 7087, 61, 1921237, 81217, 4860980
anime, 7101, 61, 1960767, 76107, 4895767
aider, 7101, 61, 1823591, 66772, 4483897
thrum, 7115, 61, 1887420, 113931, 4893831
sworn, 7116, 61, 1715803, 112192, 4542790
flame, 7116, 61, 1828877, 74639, 4634261
birch, 7135, 61, 1745683, 119952, 4525112
roost, 7145, 61, 1719126, 78224, 4334509
gipsy, 7154, 61, 1684128, 121292, 4476258
worth, 7161, 61, 1959778, 88186, 4846639
prowl, 7165, 61, 1862017, 104871, 4689511
blush, 7167, 61, 1664029, 124082, 4332784
vapid, 7179, 61, 1969229, 92965, 4970447
bonus, 7186, 61, 1693056, 125073, 4308418
woman, 7189, 61, 1957286, 101101, 4878851
cyber, 7205, 61, 1620554, 87417, 4434649
wince, 7222, 61, 1882046, 75031, 4791215
toast, 7249, 61, 1713326, 78838, 4288151
madly, 7252, 61, 1911967, 78210, 4846013
fishy, 7268, 61, 1727713, 112317, 4533871
block, 7278, 61, 1749926, 100138, 4545745
shall, 7318, 61, 1654655, 68616, 4081284
scree, 7322, 61, 1410537, 79649, 3913266
crepe, 7357, 61, 1660469, 81167, 4309958
preen, 7399, 61, 1815339, 60246, 4561334
hedge, 7628, 61, 1934390, 82364, 5032119
chock, 7775, 61, 1838698, 104501, 4697104
train, 6731, 62, 1948348, 61656, 4774697
crane, 6750, 62, 1751128, 49983, 4290178
roast, 6771, 62, 1644756, 73952, 4093015
cleat, 6776, 62, 1696334, 63058, 4269436
tenor, 6804, 62, 1891497, 76836, 4757292
satin, 6827, 62, 1561566, 78999, 3920933
staid, 6863, 62, 1483942, 64831, 3803743
debit, 6871, 62, 1767671, 95523, 4573853
scorn, 6886, 62, 1522821, 91410, 3986395
antic, 6889, 62, 1803329, 98631, 4571973
paint, 6892, 62, 1815197, 66912, 4489330
peril, 6907, 62, 1802041, 78869, 4486370
acrid, 6920, 62, 1801106, 100806, 4672958
tilde, 6952, 62, 1852603, 73421, 4753310
front, 6955, 62, 1804433, 72334, 4551400
befit, 6965, 62, 1675542, 98613, 4347350
graft, 6980, 62, 1800910, 73196, 4511363
steak, 6991, 62, 1467675, 67906, 3788769
inert, 6992, 62, 1923666, 80001, 5024192
cider, 6995, 62, 1701759, 79299, 4355779
tepid, 7002, 62, 1816501, 93951, 4703542
brunt, 7010, 62, 1746848, 62210, 4376960
braid, 7011, 62, 1745913, 60838, 4280256
gusto, 7029, 62, 1705494, 106320, 4402366
bigot, 7030, 62, 1771303, 79655, 4526437
goner, 7032, 62, 1856980, 63486, 4594155
stunk, 7038, 62, 1601477, 99541, 4282412
demon, 7046, 62, 1853181, 102699, 4749855
input, 7047, 62, 2042015, 122871, 5421606
range, 7049, 62, 2023007, 82534, 5136188
inter, 7057, 62, 1907249, 76309, 4965632
surge, 7061, 62, 1529464, 80512, 3979750
vaunt, 7068, 62, 2000469, 73757, 4990597
stork, 7070, 62, 1597024, 81898, 4152486
heron, 7071, 62, 2026341, 81904, 4979628
shift, 7073, 62, 1512794, 117240, 4063760
salve, 7076, 62, 1676864, 77431, 4163272
thing, 7090, 62, 1939234, 99935, 4983694
tunic, 7091, 62, 1941773, 118471, 5031242
blurt, 7095, 62, 1690300, 70973, 4364841
lithe, 7098, 62, 1900842, 81108, 4838228
threw, 7103, 62, 1776974, 102430, 4689607
fresh, 7107, 62, 1522628, 99003, 4030666
aphid, 7119, 62, 1879077, 121512, 4789645
randy, 7125, 62, 2012097, 80164, 5081536
forth, 7128, 62, 1848677, 87353, 4594850
musty, 7129, 62, 1685538, 97720, 4411041
growl, 7129, 62, 1817817, 100549, 4611156
rehab, 7135, 62, 1838431, 109863, 4654149
worse, 7141, 62, 1727776, 73380, 4404371
bloke, 7151, 62, 1700085, 64185, 4290688
style, 7154, 62, 1490541, 63216, 3995325
mouth, 7180, 62, 2004261, 102103, 4971160
abode, 7195, 62, 1850245, 84772, 4701401
flask, 7195, 62, 1701767, 96827, 4429818
biome, 7197, 62, 1736980, 74150, 4402269
twang, 7205, 62, 1871883, 109702, 4919964
snuck, 7209, 62, 1511308, 112746, 4043587
thump, 7212, 62, 1874691, 139788, 4928795
flack, 7220, 62, 1866732, 84767, 4761548
butch, 7225, 62, 1704657, 126893, 4565295
baker, 7234, 62, 1716034, 69896, 4311283
whine, 7235, 62, 1976037, 73031, 4982759
clove, 7258, 62, 1735234, 73228, 4448356
dimly, 7286, 62, 2001894, 89086, 5131017
widen, 7287, 62, 2034445, 85233, 5211711
prove, 7310, 62, 1787854, 80708, 4499803
wrack, 7312, 62, 1941462, 73938, 4793648
spill, 7338, 62, 1593063, 97558, 4225134
wreck, 7378, 62, 1828533, 90524, 4687470
dogma, 7384, 62, 1908117, 98736, 4746925
choke, 7389, 62, 1760103, 81333, 4539733
creme, 7413, 62, 1692606, 80962, 4418004
boxer, 7429, 62, 1657788, 56273, 4068029
beech, 7539, 62, 1713804, 90663, 4372428
shyly, 7581, 62, 1589804, 84737, 4190983
bosom, 7649, 62, 1590564, 110605, 4077667
stare, 6741, 63, 1377931, 46778, 3543306
arise, 6854, 63, 1657477, 56449, 4041436
sonar, 6878, 63, 1603911, 63698, 3874266
snout, 6911, 63, 1643895, 105194, 4300296
alien, 6912, 63, 2017053, 57686, 4830745
fetal, 6913, 63, 1735977, 64662, 4335760
liner, 6931, 63, 1977754, 64405, 4954851
third, 6939, 63, 1890001, 94332, 4903929
truce, 6948, 63, 1752931, 76547, 4520989
groin, 6952, 63, 1987670, 87553, 4927819
diner, 6953, 63, 1933228, 70454, 4885094
drone, 6960, 63, 1915288, 67611, 4797293
satyr, 6964, 63, 1529754, 71015, 3907683
clear, 6966, 63, 1745506, 54063, 4290988
smear, 6985, 63, 1469805, 69719, 3789059
tread, 7000, 63, 1832602, 56902, 4515753
hater, 7001, 63, 1826268, 61727, 4521882
cruel, 7004, 63, 1755591, 74790, 4425282
angel, 7011, 63, 1934314, 102241, 5018875
sauce, 7024, 63, 1544115, 60464, 3783599
baler, 7029, 63, 1694378, 50934, 4105468
croup, 7039, 63, 1824005, 128403, 4686922
waste, 7046, 63, 1620707, 76874, 4154788
crony, 7068, 63, 1906908, 77035, 4803165
lemur, 7075, 63, 1980773, 101698, 5033469
slave, 7080, 63, 1637163, 67194, 4097660
story, 7093, 63, 1595913, 70246, 4131137
right, 7094, 63, 1815550, 102344, 4685907
straw, 7094, 63, 1477177, 94011, 3844719
lanky, 7104, 63, 2092874, 103775, 5273578
afire, 7115, 63, 1935490, 85566, 4934956
lying, 7115, 63, 2077265, 113488, 5476413
waist, 7120, 63, 1670249, 92483, 4278274
rifle, 7123, 63, 1905154, 107803, 5001923
solve, 7148, 63, 1618479, 70608, 4051926
fetid, 7150, 63, 1768019, 73072, 4493983
lefty, 7158, 63, 1902720, 94896, 5066888
stall, 7165, 63, 1542090, 62489, 3917316
meaty, 7165, 63, 1819860, 53159, 4484953
beady, 7167, 63, 1725710, 57157, 4282404
prick, 7172, 63, 1816332, 81672, 4580141
lofty, 7184, 63, 1989053, 107114, 5170086
lucid, 7186, 63, 1987965, 99548, 5075855
wrung, 7204, 63, 2004334, 112314, 5000360
brown, 7210, 63, 1836175, 107528, 4652190
trove, 7213, 63, 1882874, 77326, 4703048
sandy, 7224, 63, 1595231, 63723, 4027897
break, 7225, 63, 1737477, 56805, 4304410
mocha, 7231, 63, 1833899, 120774, 4584637
magic, 7231, 63, 1842203, 90723, 4659316
swami, 7235, 63, 1585160, 126241, 4127808
fiend, 7237, 63, 1866172, 79132, 4769616
fight, 7249, 63, 1746414, 90508, 4514090
cover, 7254, 63, 1778045, 69990, 4451376
yacht, 7266, 63, 1921500, 89919, 4871561
grave, 7271, 63, 1841888, 64734, 4594924
label, 7275, 63, 1964143, 100649, 4986147
unfed, 7291, 63, 1971632, 129327, 5358961
thumb, 7300, 63, 1899097, 160976, 5029937
music, 7310, 63, 1667210, 131031, 4373134
tacit, 7311, 63, 1860877, 77817, 4676987
detox, 7329, 63, 1810174, 73099, 4548804
corer, 7360, 63, 1819622, 60141, 4482935
extol, 7407, 63, 1713558, 64590, 4447978
askew, 7418, 63, 1723501, 142007, 4552681
ember, 7460, 63, 1801166, 114317, 4944639
gecko, 7501, 63, 1780172, 100323, 4582207
theme, 7557, 63, 1831810, 88347, 4880950
shook, 7566, 63, 1676161, 113011, 4267075
whoop, 7736, 63, 1961552, 140166, 5040834
arson, 6834, 64, 1635260, 85558, 4046714
tonal, 6865, 64, 1907339, 64900, 4597545
shunt, 6896, 64, 1565093, 97655, 4122687
grunt, 6928, 64, 1809048, 78712, 4595299
suite, 6933, 64, 1564998, 66894, 3977499
reach, 6942, 64, 1818462, 91164, 4515286
basin, 6962, 64, 1558967, 78972, 3966296
tango, 6974, 64, 1897738, 93415, 4779181
organ, 6979, 64, 2021460, 87845, 4963348
great, 6985, 64, 1740824, 48726, 4312033
tonic, 6987, 64, 1967194, 103680, 4945401
tamer, 6991, 64, 1776321, 71996, 4502131
drawl, 7021, 64, 1926505, 78928, 4686886
manly, 7024, 64, 1950966, 79205, 4891473
fault, 7027, 64, 1822307, 75309, 4574608
anode, 7035, 64, 1939029, 72782, 4776997
blond, 7038, 64, 1820964, 87670, 4669977
guild, 7046, 64, 1965094, 87544, 4969730
grand, 7052, 64, 1830935, 63015, 4536032
prune, 7054, 64, 1857730, 75195, 4658478
lumen, 7058, 64, 1997179, 92893, 5100128
aptly, 7067, 64, 1782782, 75909, 4579803
after, 7074, 64, 1762676, 97617, 4666792
rusty, 7081, 64, 1752401, 95679, 4557585
daily, 7089, 64, 1986931, 67774, 4940897
froth, 7093, 64, 1810823, 94619, 4611636
bugle, 7098, 64, 1762211, 72790, 4500291
crude, 7102, 64, 1711821, 81094, 4384977
thong, 7102, 64, 1960841, 105796, 5017500
grown, 7110, 64, 1885334, 114154, 4777351
brake, 7114, 64, 1749933, 57827, 4338798
aglow, 7117, 64, 1883045, 133402, 4808266
mogul, 7126, 64, 2001059, 119089, 5019239
focal, 7135, 64, 1793873, 80894, 4425226
swear, 7136, 64, 1530483, 75895, 3937523
ocean, 7155, 64, 1894516, 87446, 4773988
carve, 7156, 64, 1805700, 64147, 4489985
slimy, 7157, 64, 1686555, 86824, 4432961
vault, 7164, 64, 2011213, 74469, 4979669
demur, 7167, 64, 1896214, 96704, 4871253
cameo, 7176, 64, 1733065, 69235, 4242765
broke, 7182, 64, 1689649, 71685, 4247329
regal, 7186, 64, 1920780, 82521, 4850440
bread, 7189, 64, 1687977, 52485, 4146423
angry, 7204, 64, 1945800, 85008, 5050261
flank, 7211, 64, 1914776, 81700, 4792792
stilt, 7224, 64, 1582725, 77276, 4115266
honey, 7230, 64, 2105701, 60446, 5161272
still, 7233, 64, 1581814, 76607, 4063854
pagan, 7245, 64, 1816028, 75551, 4594657
maker, 7246, 64, 1865373, 75487, 4687921
adapt, 7254, 64, 1761338, 82752, 4634950
dopey, 7263, 64, 1883410, 66345, 4760365
limbo, 7268, 64, 2000609, 155529, 5174882
flush, 7282, 64, 1737808, 133064, 4548331
dutch, 7300, 64, 1785870, 121196, 4781141
snowy, 7303, 64, 1702452, 114612, 4506196
vegan, 7309, 64, 1969907, 83365, 4939150
bushy, 7314, 64, 1691194, 123050, 4431092
sheet, 7358, 64, 1482853, 77061, 3972701
manga, 7383, 64, 1883083, 87886, 4823911
above, 7438, 64, 1889207, 88728, 4776792
fence, 7440, 64, 1823710, 74910, 4732717
legal, 7460, 64, 2009926, 81516, 5012156
press, 7475, 64, 1504809, 95190, 3955614
posse, 7477, 64, 1622544, 90265, 4284060
lipid, 7482, 64, 1943038, 94863, 4968760
musky, 7509, 64, 1837246, 123429, 4812368
bloom, 7560, 64, 1806247, 111574, 4568345
theft, 7647, 64, 1835918, 119712, 4897582
snort, 6797, 65, 1580911, 78714, 4105117
salty, 6877, 65, 1588497, 63834, 3977087
slain, 6891, 65, 1622795, 69156, 4055359
arose, 6919, 65, 1606220, 58300, 3889645
brand, 6935, 65, 1757188, 62078, 4327060
singe, 6956, 65, 1582346, 76344, 4069505
gloat, 6960, 65, 1777290, 69512, 4518819
groan, 6988, 65, 1886897, 69758, 4598284
binge, 7018, 65, 1772839, 67237, 4470083
piano, 7019, 65, 1851509, 76184, 4524737
flier, 7038, 65, 1754048, 60774, 4445075
crown, 7059, 65, 1836978, 111504, 4693598
float, 7061, 65, 1731527, 68961, 4361291
flung, 7062, 65, 1885974, 114399, 4819865
roach, 7074, 65, 1962236, 95169, 4778140
leafy, 7107, 65, 2006659, 108967, 5134399
crush, 7114, 65, 1633049, 122024, 4252876
touch, 7125, 65, 1987473, 124251, 5034605
amply, 7126, 65, 1855035, 130517, 4942197
bused, 7169, 65, 1502439, 88153, 3972761
aside, 7171, 65, 1616904, 71053, 4050596
fetus, 7173, 65, 1534924, 113342, 4072385
macho, 7175, 65, 1820267, 125032, 4574408
tease, 7182, 65, 1660213, 62374, 4214693
think, 7220, 65, 2018557, 93791, 5217859
nobly, 7223, 65, 2176125, 134634, 5574088
nasal, 7224, 65, 1775416, 107698, 4552402
wield, 7238, 65, 1952748, 88439, 4943883
lover, 7240, 65, 1876804, 70402, 4686171
shoot, 7261, 65, 1576051, 100941, 4103082
gavel, 7269, 65, 1926596, 82910, 4838394
natal, 7269, 65, 1973316, 71602, 4942369
whale, 7271, 65, 1946986, 66801, 4799519
pixel, 7279, 65, 1780046, 68185, 4460938
buyer, 7283, 65, 1748307, 66446, 4481211
chunk, 7286, 65, 1900514, 105042, 4894795
troop, 7297, 65, 1867172, 105836, 4750411
lynch, 7302, 65, 1941374, 119629, 5233549
stood, 7314, 65, 1544108, 102647, 4091978
tacky, 7319, 65, 1855119, 76240, 4713220
mushy, 7319, 65, 1793197, 127992, 4666975
ethic, 7323, 65, 1757482, 140942, 4694342
cress, 7351, 65, 1511153, 89869, 3945185
ledge, 7369, 65, 1970338, 90755, 5181364
howdy, 7389, 65, 2051027, 106927, 5188910
prize, 7407, 65, 1808722, 64911, 4485821
carry, 7420, 65, 1808031, 54847, 4466326
drama, 7446, 65, 1932751, 72147, 4793576
cacti, 7447, 65, 1741763, 62762, 4313797
weigh, 7465, 65, 1986722, 95352, 4942484
condo, 7494, 65, 1814023, 86360, 4548016
breed, 7512, 65, 1700578, 69408, 4335233
floss, 7513, 65, 1695627, 102311, 4408068
smash, 7554, 65, 1588579, 80836, 4060089
spook, 7642, 65, 1583318, 125186, 4234299
macaw, 7650, 65, 1910199, 111453, 4866804
solar, 6857, 66, 1569402, 62062, 3765023
raise, 6859, 66, 1693251, 65632, 4202799
stern, 6871, 66, 1382095, 68172, 3674797
coral, 6909, 66, 1812795, 65101, 4373541
manor, 6920, 66, 1920087, 74060, 4694451
irate, 6935, 66, 1998151, 45000, 4800148
north, 6938, 66, 2083615, 87462, 5150437
shear, 6941, 66, 1510223, 66186, 3781448
apron, 6943, 66, 1897374, 102425, 4776346
pinto, 6962, 66, 1868073, 91506, 4706576
metro, 6966, 66, 1724867, 74257, 4381258
reign, 6997, 66, 2077612, 93152, 5237543
their, 6999, 66, 1885142, 81115, 4791359
tumor, 7016, 66, 2008239, 102841, 5118335
glare, 7049, 66, 1847872, 51866, 4613434
crank, 7049, 66, 1900954, 61718, 4657198
faint, 7061, 66, 1840923, 70105, 4563286
admit, 7063, 66, 1800722, 99268, 4756830
scion, 7064, 66, 1531747, 100817, 4027559
aloft, 7068, 66, 1833876, 106824, 4656241
grout, 7072, 66, 1871389, 85015, 4721856
deity, 7092, 66, 1953485, 60413, 4897074
crave, 7106, 66, 1757171, 64180, 4357140
filth, 7113, 66, 1766836, 92492, 4526773
china, 7128, 66, 1766640, 73049, 4413134
drink, 7143, 66, 2076429, 75848, 5175382
daisy, 7146, 66, 1767517, 80338, 4516011
truck, 7148, 66, 1899527, 95215, 4860511
dying, 7158, 66, 1992652, 100889, 5221725
taker, 7162, 66, 1812442, 71609, 4601784
feral, 7172, 66, 1800164, 67516, 4434012
avert, 7188, 66, 1826699, 74532, 4695058
novel, 7196, 66, 2065688, 78849, 5122481
adobe, 7196, 66, 1858362, 87496, 4739424
hasty, 7198, 66, 1722839, 97714, 4460501
libel, 7225, 66, 1945190, 105175, 4994469
femur, 7234, 66, 1855385, 101242, 4806891
dense, 7241, 66, 1687014, 80799, 4461340
lasso, 7242, 66, 1716978, 111460, 4331526
wider, 7255, 66, 1891464, 81219, 4814665
focus, 7256, 66, 1579961, 135995, 4117360
grief, 7256, 66, 1842347, 103304, 4731891
coven, 7263, 66, 1812273, 71666, 4560108
hyena, 7274, 66, 1897484, 70229, 4792515
apnea, 7277, 66, 1856630, 83860, 4698662
ester, 7278, 66, 1520066, 92788, 4202242
meter, 7332, 66, 1720572, 62316, 4454272
thick, 7334, 66, 1870135, 93529, 4899116
gloss, 7336, 66, 1711597, 95771, 4387003
elope, 7340, 66, 1948672, 96570, 5010525
shove, 7363, 66, 1555606, 82697, 4035211
flick, 7420, 66, 1842098, 83756, 4793769
quest, 7431, 66, 1657727, 91561, 4393536
staff, 7444, 66, 1503291, 98254, 3919681
vowel, 7452, 66, 1995566, 86474, 4995380
octet, 7454, 66, 1794848, 90718, 4730592
dross, 7465, 66, 1711996, 97363, 4367647
agape, 7506, 66, 1942952, 85867, 4948158
rupee, 7597, 66, 1945165, 98112, 5163960
beefy, 7616, 66, 1775487, 87183, 4581336
gypsy, 7618, 66, 1585498, 126592, 4368518
rapid, 6837, 67, 1924273, 101568, 4866840
carol, 6845, 67, 1759415, 61461, 4264705
polar, 6919, 67, 1798446, 60774, 4292666
drain, 6929, 67, 1970390, 65066, 4804724
rebut, 6934, 67, 1890601, 130363, 5000802
alter, 6936, 67, 1713388, 52466, 4224460
trial, 6951, 67, 1923360, 54049, 4637311
scour, 6987, 67, 1568895, 111094, 4090116
topic, 6997, 67, 1872591, 121449, 4793767
shout, 6997, 67, 1629840, 109192, 4248017
burnt, 7007, 67, 1738675, 66229, 4425716
ankle, 7040, 67, 1978886, 86406, 4986345
cutie, 7054, 67, 1750675, 62860, 4413170
chain, 7062, 67, 1832288, 75524, 4585939
wrote, 7083, 67, 1829056, 59129, 4524488
acute, 7083, 67, 1813867, 72356, 4542871
bulge, 7090, 67, 1763815, 75940, 4468376
reply, 7091, 67, 1953515, 90523, 5016456
stray, 7099, 67, 1501314, 59667, 3901088
argue, 7123, 67, 1934791, 71399, 4725104
decry, 7123, 67, 1753963, 71784, 4553498
ideal, 7126, 67, 2006417, 91189, 5072408
belie, 7142, 67, 1807548, 58255, 4484607
aping, 7175, 67, 1909566, 114366, 4850709
gourd, 7175, 67, 1969920, 94453, 4911827
micro, 7180, 67, 1884330, 108217, 4811326
horny, 7188, 67, 2187395, 75485, 5352022
forge, 7194, 67, 1801859, 69558, 4536169
neigh, 7200, 67, 2096840, 91196, 5226376
whirl, 7201, 67, 1941252, 77757, 4812420
clink, 7225, 67, 1914638, 76829, 4845294
flake, 7247, 67, 1865415, 66959, 4691607
wight, 7259, 67, 1846978, 90915, 4740416
sooth, 7263, 67, 1639938, 77522, 4068230
lapel, 7266, 67, 1948742, 88143, 4887766
erect, 7277, 67, 1763844, 78705, 4602425
frock, 7277, 67, 1831268, 107092, 4744680
jaunt, 7278, 67, 2012911, 75019, 5022804
haven, 7298, 67, 1994052, 73625, 4924290
deter, 7306, 67, 1696166, 63048, 4442852
winch, 7309, 67, 1886485, 120018, 4856503
enter, 7321, 67, 1800560, 74692, 4758889
bless, 7328, 67, 1481802, 89141, 3877013
pluck, 7336, 67, 1886900, 115054, 4903290
rugby, 7355, 67, 1983685, 149245, 5298715
noose, 7363, 67, 1831182, 71172, 4664800
sooty, 7369, 67, 1639720, 60242, 4030430
halve, 7382, 67, 2054818, 81098, 5030710
ficus, 7391, 67, 1578776, 151364, 4211348
slosh, 7412, 67, 1661983, 87625, 4186494
husky, 7417, 67, 1929962, 139375, 5043450
wharf, 7422, 67, 2026643, 110448, 5126036
slash, 7439, 67, 1632642, 69575, 4018721
booth, 7467, 67, 1820192, 76397, 4499853
swoon, 7472, 67, 1703470, 137624, 4512063
fella, 7493, 67, 1869903, 78497, 4601690
delve, 7546, 67, 1993506, 89799, 5151453
mucky, 7558, 67, 1930868, 116962, 5047596
abyss, 7622, 67, 1648931, 139754, 4508119
mucus, 7665, 67, 1570947, 156573, 4180793
where, 7672, 67, 1849106, 79623, 4789439
react, 6745, 68, 1762991, 71144, 4472690
frail, 6906, 68, 1855687, 54509, 4477639
flint, 6933, 68, 1803154, 71858, 4611465
tonga, 6980, 68, 1935877, 95748, 4821713
ingot, 6986, 68, 2027462, 97626, 5298099
drift, 6997, 68, 1818035, 90089, 4660642
stark, 6997, 68, 1531499, 58162, 3907997
timer, 7014, 68, 1756443, 78604, 4547794
lurid, 7022, 68, 2108325, 100723, 5284172
shore, 7024, 68, 1508922, 68998, 3865795
torus, 7026, 68, 1742745, 110546, 4399472
cheat, 7035, 68, 1706262, 73813, 4365860
patio, 7040, 68, 1754019, 69425, 4328793
elate, 7044, 68, 1861530, 54160, 4610227
churn, 7050, 68, 1875242, 103116, 4833064
surly, 7068, 68, 1645474, 75591, 4170769
large, 7072, 68, 2018330, 76105, 5041222
unite, 7072, 68, 2042910, 66040, 5211573
blank, 7081, 68, 1818216, 77679, 4555150
twine, 7120, 68, 1880381, 89679, 4993819
incur, 7126, 68, 2079440, 117948, 5376404
lager, 7139, 68, 1932903, 82239, 4828417
shrug, 7141, 68, 1565664, 110915, 4039535
brush, 7145, 68, 1625444, 113154, 4183354
untie, 7151, 68, 2053325, 76328, 5271886
beach, 7152, 68, 1729372, 85212, 4303306
gonad, 7157, 68, 1927528, 68215, 4726651
spicy, 7158, 68, 1496031, 93167, 4097960
flute, 7164, 68, 1745525, 63038, 4460039
ready, 7186, 68, 1932748, 65518, 4838108
cough, 7190, 68, 1934533, 119385, 4843409
silky, 7193, 68, 1759233, 92568, 4524708
primo, 7196, 68, 1909058, 100833, 4797459
amuse, 7202, 68, 1715521, 88955, 4430333
poesy, 7204, 68, 1703529, 91294, 4428489
clown, 7219, 68, 1907360, 110518, 4938339
taunt, 7219, 68, 1971376, 76060, 4916006
eater, 7220, 68, 1844169, 57162, 4557215
mound, 7223, 68, 2024597, 99687, 5036273
owner, 7263, 68, 2018146, 103917, 5208963
cease, 7263, 68, 1636545, 65845, 4141520
debug, 7266, 68, 1848468, 149466, 4853024
wispy, 7287, 68, 1772250, 134880, 4779537
color, 7288, 68, 1767867, 55038, 4265155
spiky, 7290, 68, 1639314, 95877, 4436087
blink, 7301, 68, 1945395, 76145, 4899635
tweak, 7310, 68, 1859973, 108682, 4882731
finch, 7312, 68, 1789913, 116432, 4641806
mower, 7313, 68, 1865994, 80175, 4682786
hovel, 7317, 68, 1951585, 80967, 4861406
derby, 7324, 68, 1864780, 98973, 4910235
vying, 7359, 68, 2086023, 101496, 5416552
niece, 7361, 68, 1986951, 73883, 5102056
gloom, 7366, 68, 1907827, 110023, 4818423
havoc, 7388, 68, 1947857, 107921, 4840110
fatal, 7393, 68, 1723424, 69996, 4385835
apple, 7410, 68, 1917755, 96103, 4876180
vigil, 7427, 68, 1885811, 72448, 4738510
elude, 7427, 68, 2069675, 90988, 5333958
elide, 7454, 68, 2044327, 89164, 5256172
swell, 7472, 68, 1587762, 105297, 4235028
hello, 7505, 68, 1990665, 81068, 4891259
parka, 7513, 68, 1891924, 90542, 4745379
hitch, 7556, 68, 1839449, 103037, 4798184
stuff, 7564, 68, 1539501, 139952, 4101210
pygmy, 7679, 68, 1726158, 94372, 4642215
alone, 6847, 69, 2018106, 56068, 4798054
south, 6985, 69, 1701713, 105086, 4260709
risen, 6990, 69, 1726670, 88246, 4475950
locus, 6997, 69, 1677519, 136171, 4336053
realm, 7010, 69, 1885786, 77107, 4665510
logic, 7033, 69, 1923593, 105957, 4860801
girth, 7050, 69, 1823992, 79202, 4599051
cause, 7050, 69, 1623009, 67086, 4045664
dunce, 7052, 69, 1854157, 81371, 4830448
knelt, 7058, 69, 1873655, 73315, 4881645
beard, 7084, 69, 1679807, 60798, 4168788
synod, 7089, 69, 1635604, 84856, 4282641
chore, 7101, 69, 1709346, 72529, 4368305
final, 7129, 69, 1834533, 76088, 4583151
cloud, 7139, 69, 1896982, 110427, 4906664
sigma, 7147, 69, 1571972, 109697, 4056662
turbo, 7167, 69, 1940739, 122205, 4994207
raven, 7180, 69, 1980072, 77036, 4965427
lunch, 7190, 69, 1979150, 124103, 5069581
hound, 7193, 69, 2137949, 100656, 5270031
gruel, 7203, 69, 1861796, 72905, 4668726
start, 7212, 69, 1525268, 54463, 3860971
media, 7224, 69, 1850582, 74425, 4535074
grimy, 7240, 69, 1899328, 78501, 4855462
steer, 7242, 69, 1387085, 63088, 3704982
elite, 7253, 69, 1947193, 70527, 4959820
plunk, 7257, 69, 1982723, 93970, 5035105
white, 7261, 69, 1842672, 71031, 4698361
linen, 7266, 69, 2035777, 67057, 5058683
torso, 7282, 69, 1719094, 101648, 4327066
rebar, 7294, 69, 1903564, 97087, 4919337
downy, 7306, 69, 2039231, 104330, 5194622
butte, 7308, 69, 1666086, 57168, 4239664
there, 7334, 69, 1774359, 79767, 4665525
heady, 7352, 69, 1929525, 60836, 4746065
semen, 7354, 69, 1552684, 80108, 4039474
verso, 7361, 69, 1739420, 98275, 4451793
duchy, 7372, 69, 1895843, 116196, 4952489
parry, 7398, 69, 1829001, 61373, 4588816
totem, 7399, 69, 1833161, 71613, 4604432
fudge, 7401, 69, 1804643, 97305, 4772396
wafer, 7411, 69, 1928432, 95938, 4958754
exist, 7422, 69, 1650110, 106020, 4487455
cello, 7435, 69, 1800277, 75910, 4507068
glass, 7444, 69, 1686663, 93874, 4294422
grass, 7466, 69, 1677555, 66420, 4120498
harsh, 7485, 69, 1719036, 97249, 4373261
conch, 7490, 69, 1865420, 84654, 4588635
snuff, 7648, 69, 1606406, 144822, 4274004
aback, 7716, 69, 1912423, 137463, 5149698
skiff, 7805, 69, 1609946, 153204, 4369757
saute, 6946, 70, 1576648, 57293, 3895604
moist, 6963, 70, 1657564, 88239, 4220729
route, 6971, 70, 1963806, 67185, 4896298
renal, 6975, 70, 1932703, 66280, 4752710
daunt, 6990, 70, 1898421, 69469, 4737850
molar, 6992, 70, 1859370, 63378, 4440440
clung, 7001, 70, 1792656, 104018, 4579424
swirl, 7020, 70, 1659069, 98213, 4302548
moral, 7031, 70, 1856938, 67781, 4462545
skier, 7056, 70, 1574824, 73967, 4106855
anger, 7062, 70, 1851694, 91029, 4801004
proud, 7127, 70, 1957607, 110722, 4971212
creak, 7134, 70, 1757914, 62041, 4339170
water, 7145, 70, 1777265, 56177, 4419914
disco, 7151, 70, 1669093, 127279, 4417272
dairy, 7162, 70, 1994672, 59594, 4920611
nosey, 7174, 70, 1877765, 78443, 4796165
tough, 7177, 70, 2113704, 118204, 5259603
decay, 7178, 70, 1802664, 62739, 4559405
humor, 7199, 70, 2150191, 110511, 5370393
diary, 7225, 70, 1997971, 58829, 4939352
sneer, 7238, 70, 1496632, 71783, 3970640
state, 7241, 70, 1486377, 48961, 3769123
nomad, 7269, 70, 2066955, 104659, 5172509
stint, 7277, 70, 1561766, 77633, 4106049
bough, 7279, 70, 1973376, 120717, 4878376
candy, 7285, 70, 1868845, 71592, 4709865
crass, 7312, 70, 1614339, 73459, 4005075
omega, 7354, 70, 1871300, 103052, 4785136
endow, 7366, 70, 1899389, 108202, 5020760
hover, 7374, 70, 1946359, 78132, 4819448
unwed, 7388, 70, 2009009, 115722, 5358957
leper, 7397, 70, 1797196, 78923, 4609175
bylaw, 7402, 70, 1765619, 103570, 4589649
sleek, 7416, 70, 1587391, 73048, 4136380
brass, 7432, 70, 1529524, 67422, 3783518
droop, 7452, 70, 1892586, 102948, 4782946
groom, 7466, 70, 1864215, 106814, 4744332
alpha, 7472, 70, 1944749, 119978, 4888619
belle, 7476, 70, 1767259, 64702, 4467715
whack, 7480, 70, 1950631, 92313, 4954080
dumpy, 7486, 70, 1886158, 124953, 4955696
marry, 7493, 70, 1882844, 62374, 4735188
hazel, 7538, 70, 1996363, 84259, 4921016
polyp, 7572, 70, 1955810, 78768, 4852195
dwell, 7606, 70, 1827343, 89085, 4766163
labor, 6824, 71, 1874113, 114399, 4717435
tidal, 6937, 71, 1851143, 72259, 4599339
grail, 6943, 71, 1897476, 59892, 4598995
thorn, 6974, 71, 1977537, 95726, 5073020
recut, 6994, 71, 1798396, 108926, 4711569
being, 7023, 71, 1780295, 79792, 4434230
built, 7027, 71, 1790139, 66658, 4466891
tiger, 7046, 71, 1769921, 79760, 4618770
lusty, 7050, 71, 1768694, 110567, 4654991
sound, 7096, 71, 1649859, 93440, 4138304
rebus, 7097, 71, 1648807, 159895, 4460264
flare, 7108, 71, 1799173, 50303, 4463924
lurch, 7113, 71, 1920146, 114013, 4885188
layer, 7141, 71, 1920311, 63333, 4783950
frank, 7147, 71, 1914396, 59623, 4643152
dirty, 7154, 71, 1925456, 71445, 4899403
warty, 7163, 71, 1904801, 63809, 4788005
dingy, 7173, 71, 1984645, 88622, 5098884
pivot, 7179, 71, 1857478, 86628, 4727174
tangy, 7185, 71, 1925209, 71619, 4899153
weird, 7192, 71, 1945729, 88175, 4880503
under, 7196, 71, 1959596, 92363, 5119983
album, 7204, 71, 1929360, 167591, 5028184
elect, 7224, 71, 1742473, 79308, 4558367
tawny, 7254, 71, 1951183, 77494, 4993185
eaten, 7255, 71, 1972570, 65615, 4869992
women, 7270, 71, 1976174, 86842, 4966209
value, 7282, 71, 2210288, 76508, 5343523
youth, 7300, 71, 2248666, 101501, 5581033
gusty, 7301, 71, 1723737, 90907, 4531089
reuse, 7345, 71, 1737619, 105575, 4609582
stash, 7363, 71, 1534208, 69520, 3880262
colon, 7385, 71, 1880822, 79671, 4657112
riper, 7393, 71, 1892900, 83860, 4854515
greet, 7409, 71, 1760699, 63228, 4554808
digit, 7440, 71, 1756508, 66595, 4493285
tight, 7451, 71, 1892407, 85869, 4826054
brood, 7492, 71, 1797318, 86027, 4486611
wimpy, 7505, 71, 1952476, 112716, 5104213
flood, 7528, 71, 1875577, 97331, 4743998
gassy, 7578, 71, 1629244, 100344, 4277458
happy, 7579, 71, 1852406, 93683, 4707406
bawdy, 7635, 71, 1811645, 85802, 4659429
merge, 7661, 71, 1863497, 87149, 4890985
check, 7896, 71, 1726148, 77406, 4425280
resin, 6917, 72, 1776122, 112806, 4607475
court, 6920, 72, 1861771, 84860, 4617828
chair, 6953, 72, 1800240, 67359, 4428987
clout, 6963, 72, 1799783, 91039, 4598166
until, 6970, 72, 2062383, 102238, 5338066
cedar, 6982, 72, 1690111, 58506, 4186565
flair, 6994, 72, 1829808, 57887, 4522837
drank, 7048, 72, 2006900, 63094, 4893599
rainy, 7053, 72, 2097975, 63870, 5192382
louse, 7068, 72, 1832007, 79011, 4635285
trunk, 7073, 72, 1992814, 78856, 5060684
filer, 7085, 72, 1706723, 66135, 4326703
heard, 7086, 72, 1939348, 59727, 4730968
macro, 7094, 72, 1795011, 88759, 4464906
vocal, 7134, 72, 1978901, 84367, 4860399
debar, 7142, 72, 1779364, 84925, 4525742
piety, 7144, 72, 1826311, 59140, 4600507
girly, 7150, 72, 1939957, 66382, 4876664
chute, 7182, 72, 1682830, 74542, 4415378
minty, 7186, 72, 1970573, 75180, 5001651
vapor, 7194, 72, 1921925, 85556, 4745851
ghoul, 7198, 72, 2008047, 110753, 5029927
hoard, 7211, 72, 1967003, 62996, 4729626
fairy, 7224, 72, 1868916, 54024, 4600368
gnome, 7265, 72, 1856213, 94942, 4865545
fluid, 7278, 72, 1992140, 114283, 5100777
yield, 7280, 72, 2128239, 79407, 5393562
wheat, 7289, 72, 1815691, 76087, 4594523
width, 7307, 72, 1858934, 100597, 4763112
blown, 7316, 72, 1914100, 111940, 4935015
hymen, 7348, 72, 1928044, 89863, 5126442
elder, 7365, 72, 1892153, 79866, 4944918
stout, 7367, 72, 1644584, 95545, 4276217
liege, 7374, 72, 2003438, 77876, 5123596
droll, 7383, 72, 1934658, 74091, 4826672
tenth, 7436, 72, 1933548, 77317, 4872594
windy, 7447, 72, 2048749, 92048, 5265959
sixty, 7454, 72, 1627138, 71270, 4108997
naval, 7455, 72, 2115580, 84029, 5221451
gross, 7471, 72, 1655167, 96378, 4216855
bribe, 7472, 72, 1686763, 51921, 4148461
rigid, 7489, 72, 1962436, 105395, 5107414
clack, 7566, 72, 1944874, 72990, 4827900
newer, 7572, 72, 1972133, 91357, 5100095
dryly, 7608, 72, 1891017, 68623, 4760797
slung, 6930, 73, 1607951, 109193, 4123911
teary, 6952, 73, 1877322, 52186, 4667051
refit, 6965, 73, 1878301, 127621, 5008255
triad, 6971, 73, 1913264, 64449, 4714027
brain, 6988, 73, 1809811, 60238, 4418219
grain, 7005, 73, 1884450, 59452, 4601134
align, 7043, 73, 1965550, 87896, 4886671
cabin, 7049, 73, 1820580, 91258, 4617956
utile, 7063, 73, 1969664, 68354, 5036693
wagon, 7082, 73, 1976486, 92166, 4948369
write, 7092, 73, 1850567, 53363, 4570563
early, 7095, 73, 1969970, 71169, 4839675
vital, 7096, 73, 1936139, 62620, 4757171
ounce, 7097, 73, 1985238, 90455, 5075825
swing, 7106, 73, 1629954, 131902, 4347354
bingo, 7109, 73, 1906663, 108683, 4817039
slunk, 7137, 73, 1676326, 95388, 4296956
basic, 7150, 73, 1476502, 88515, 3770441
admin, 7158, 73, 1908342, 123383, 5021294
tying, 7180, 73, 1912238, 93929, 5057287
fraud, 7223, 73, 1897807, 72240, 4661811
bound, 7226, 73, 1889120, 90513, 4690778
nerdy, 7227, 73, 2061742, 76079, 5222652
bunch, 7264, 73, 1783886, 113621, 4596882
whole, 7274, 73, 1932955, 72355, 4830121
frown, 7282, 73, 1943811, 119579, 4955013
taste, 7286, 73, 1668571, 70726, 4240126
venom, 7297, 73, 1999928, 98618, 5048798
would, 7298, 73, 2103227, 96168, 5203014
favor, 7298, 73, 1831760, 77952, 4547922
duvet, 7304, 73, 1803638, 80548, 4699529
dwarf, 7307, 73, 1931273, 129603, 5057247
cumin, 7317, 73, 1890196, 111733, 4871369
handy, 7325, 73, 2020274, 78411, 5073697
gumbo, 7328, 73, 1943799, 160903, 5091621
drove, 7376, 73, 1849293, 79575, 4654498
perky, 7383, 73, 1827223, 80436, 4683233
piece, 7410, 73, 1775736, 70093, 4576285
hatch, 7456, 73, 1861485, 89917, 4750768
kneel, 7468, 73, 2058851, 80722, 5361966
vague, 7485, 73, 2130035, 78837, 5251228
booty, 7488, 73, 1783158, 58793, 4400085
mauve, 7492, 73, 2032783, 69332, 4960907
piggy, 7552, 73, 1839044, 85537, 4730098
seedy, 7559, 73, 1568076, 69205, 4059735
sewer, 7582, 73, 1527214, 96116, 4025262
sniff, 7593, 73, 1583173, 128824, 4219408
puree, 7601, 73, 1859807, 77754, 4849679
proof, 7636, 73, 1911619, 124901, 4909895
kebab, 7660, 73, 1991228, 109467, 5030174
later, 6868, 74, 1779271, 62029, 4424353
lingo, 6905, 74, 2060174, 118753, 5212232
lathe, 6936, 74, 1913384, 73950, 4736982
robin, 7000, 74, 2122998, 143414, 5412011
unlit, 7000, 74, 2065618, 93129, 5347342
email, 7006, 74, 1942231, 91247, 4913609
orbit, 7041, 74, 2000835, 101928, 5115657
relay, 7049, 74, 2000930, 75084, 4964845
miner, 7052, 74, 1939931, 67558, 4890968
twirl, 7068, 74, 1925342, 91732, 4989960
uncle, 7077, 74, 1945427, 92496, 5136135
infer, 7080, 74, 2023143, 128675, 5468473
bison, 7089, 74, 1669928, 117644, 4290239
frond, 7091, 74, 1918137, 85981, 4840970
laugh, 7118, 74, 2072687, 118087, 5166152
drake, 7137, 74, 1883213, 55858, 4617968
flout, 7139, 74, 1855306, 91819, 4747269
repay, 7158, 74, 1937176, 83828, 4896676
boney, 7178, 74, 1867542, 53255, 4596704
mayor, 7196, 74, 1919657, 68610, 4717507
brick, 7251, 74, 1776716, 76247, 4479551
stunt, 7265, 74, 1593268, 87566, 4214884
craze, 7272, 74, 1733598, 56269, 4269240
racer, 7295, 74, 1840073, 62468, 4578706
freak, 7316, 74, 1814293, 63484, 4494236
sulky, 7321, 74, 1752128, 95223, 4457707
ladle, 7322, 74, 2004399, 75174, 5018351
knife, 7329, 74, 2060194, 114291, 5563984
suave, 7352, 74, 1622459, 66122, 4011870
drill, 7354, 74, 1896467, 62637, 4660532
foyer, 7362, 74, 1864866, 61010, 4623847
sixth, 7362, 74, 1553506, 98999, 3987610
mover, 7372, 74, 1855821, 74541, 4652348
deuce, 7383, 74, 1887365, 83985, 4890883
creep, 7413, 74, 1642511, 78223, 4255597
waltz, 7429, 74, 1846538, 77676, 4605494
privy, 7440, 74, 1961022, 78417, 4906400
creed, 7448, 74, 1681016, 68541, 4333274
briar, 7459, 74, 1771352, 45791, 4268158
milky, 7466, 74, 2055031, 91040, 5254095
pesky, 7473, 74, 1681574, 127068, 4577221
stiff, 7511, 74, 1509148, 118020, 3997656
tithe, 7513, 74, 1907089, 73889, 4793523
gawky, 7535, 74, 1928630, 105650, 5081656
moose, 7535, 74, 1692853, 71308, 4349465
dress, 7551, 74, 1542778, 80323, 4008266
oddly, 7562, 74, 2071147, 110349, 5467468
broom, 7566, 74, 1845358, 113557, 4661849
seven, 7573, 74, 1623731, 82233, 4200062
reedy, 7577, 74, 1898872, 73643, 4918073
fanny, 7582, 74, 1840227, 62960, 4638474
defer, 7629, 74, 1793887, 99988, 4825113
wheel, 7706, 74, 1907899, 82604, 4907000
plain, 6915, 75, 1879612, 70215, 4669768
along, 6960, 75, 1929671, 96354, 4771292
flirt, 6991, 75, 1769578, 65754, 4532181
broil, 7002, 75, 1803416, 76974, 4469980
choir, 7088, 75, 1957124, 96288, 4908148
sugar, 7156, 75, 1570665, 79115, 3924202
drown, 7173, 75, 1995753, 117658, 5071383
deign, 7178, 75, 1990623, 86818, 5013348
tarot, 7180, 75, 1958058, 66399, 4813486
agony, 7182, 75, 1952222, 96263, 5000127
hairy, 7196, 75, 2012434, 59885, 4907306
ought, 7197, 75, 2109551, 124300, 5394047
oaken, 7262, 75, 2028577, 77277, 4986580
build, 7269, 75, 1931889, 88193, 4871864
viper, 7310, 75, 1893929, 86306, 4882341
banal, 7313, 75, 1766919, 57093, 4329008
saucy, 7317, 75, 1602983, 65622, 3966153
reset, 7323, 75, 1610772, 86907, 4334172
rhyme, 7369, 75, 1916716, 99963, 5113404
sheen, 7376, 75, 1585496, 78174, 4155938
whisk, 7395, 75, 1806332, 108919, 4689894
flunk, 7397, 75, 1980507, 98172, 5053560
whiny, 7410, 75, 2089346, 84427, 5359408
catch, 7416, 75, 1759522, 69017, 4412061
belly, 7431, 75, 1788785, 66636, 4552451
fauna, 7436, 75, 1855571, 84144, 4608944
attic, 7438, 75, 1820374, 92811, 4595172
awoke, 7441, 75, 1961147, 97326, 4918900
ether, 7481, 75, 1762294, 96253, 4695198
skill, 7518, 75, 1695497, 108066, 4501429
purer, 7529, 75, 1836070, 78502, 4682406
coyly, 7551, 75, 1886958, 70834, 4697418
mecca, 7569, 75, 1766521, 94166, 4435865
freed, 7590, 75, 1782031, 72259, 4596638
dryer, 7629, 75, 1917032, 60889, 4892794
jumbo, 7850, 75, 2043679, 160558, 5323956
femme, 8065, 75, 1811473, 94227, 4773016
droit, 6860, 76, 1914241, 74218, 4801188
alert, 6944, 76, 1757794, 56176, 4331832
boule, 7060, 76, 1848472, 56802, 4468341
piney, 7115, 76, 1957619, 61739, 4965610
valor, 7119, 76, 1968837, 66506, 4724002
adore, 7149, 76, 1781238, 62274, 4430879
rouge, 7194, 76, 1996076, 86210, 5022537
exalt, 7199, 76, 1795385, 73459, 4567244
unfit, 7205, 76, 2124768, 140446, 5718769
inlay, 7221, 76, 2114115, 78214, 5325933
briny, 7232, 76, 1933613, 64572, 4838060
dicey, 7271, 76, 1910898, 65259, 4884504
treat, 7274, 76, 1914103, 51593, 4694052
amity, 7279, 76, 1896986, 84402, 4828351
cross, 7307, 76, 1582949, 103122, 4095594
strut, 7311, 76, 1567943, 82051, 4077796
asset, 7342, 76, 1588170, 84832, 4109540
diver, 7352, 76, 1897187, 84479, 4855931
hunky, 7383, 76, 2185416, 100084, 5546881
otter, 7384, 76, 1830908, 66042, 4675544
eying, 7387, 76, 2065844, 114526, 5467122
parer, 7424, 76, 1799840, 58003, 4464499
bible, 7431, 76, 1751961, 56188, 4351101
woken, 7444, 76, 1985837, 76672, 5011337
glaze, 7449, 76, 1888387, 64973, 4729373
lilac, 7452, 76, 1931758, 88135, 4795503
larva, 7471, 76, 2047854, 88241, 5081850
await, 7480, 76, 1925219, 93951, 4905287
uncut, 7497, 76, 1914863, 110924, 5085977
petty, 7501, 76, 1786335, 62057, 4566688
harry, 7542, 76, 1954184, 63176, 4842307
chili, 7561, 76, 1817996, 87323, 4573118
heath, 7568, 76, 1888701, 55896, 4600930
mossy, 7576, 76, 1739643, 109186, 4493208
funky, 7578, 76, 2019942, 94309, 5172730
revel, 7583, 76, 1887792, 81536, 4838772
upper, 7610, 76, 1891718, 104082, 4973738
knack, 7686, 76, 2091980, 84099, 5388379
cairn, 6841, 77, 1861707, 63189, 4509120
login, 6855, 77, 2135858, 102905, 5302978
abort, 7035, 77, 1828623, 95432, 4733097
brawn, 7092, 77, 1785945, 78759, 4412197
guard, 7133, 77, 1906874, 68126, 4701975
lousy, 7153, 77, 1927893, 97518, 4869043
savor, 7169, 77, 1543330, 76837, 3847299
image, 7240, 77, 1941144, 83554, 4980302
today, 7246, 77, 1914577, 66504, 4748935
liver, 7249, 77, 1909598, 76412, 4830420
devil, 7274, 77, 1990416, 93531, 5048416
knead, 7296, 77, 1996857, 73493, 5102498
altar, 7350, 77, 1741686, 54767, 4379514
robot, 7353, 77, 1924757, 112994, 4951651
humid, 7355, 77, 2081708, 133795, 5354755
egret, 7366, 77, 1792871, 84265, 4902402
glove, 7375, 77, 1829503, 78004, 4680477
ardor, 7391, 77, 1942085, 74025, 4728684
banjo, 7405, 77, 1775216, 89378, 4400065
lumpy, 7408, 77, 2033806, 121614, 5314979
enema, 7441, 77, 1885963, 90191, 4814055
drier, 7450, 77, 1951958, 60508, 4840903
wreak, 7452, 77, 1928335, 63458, 4728550
genie, 7462, 77, 2076072, 68135, 5199287
obese, 7462, 77, 1720621, 115399, 4737785
testy, 7513, 77, 1698072, 82894, 4487112
vouch, 7535, 77, 2094849, 132423, 5261943
berry, 7586, 77, 1740663, 67622, 4428955
greed, 7617, 77, 1802891, 72959, 4659538
dilly, 7628, 77, 2054488, 73044, 5177242
buggy, 7646, 77, 1830831, 107083, 4761804
swash, 7647, 77, 1623439, 79285, 4104355
wedge, 7701, 77, 1920148, 96046, 5091244
hobby, 7743, 77, 2027355, 117891, 5147994
humph, 7789, 77, 2014516, 139669, 5154129
knock, 7816, 77, 1997336, 124024, 5226139
foist, 6974, 78, 1627036, 86331, 4152365
doing, 7061, 78, 2080449, 93824, 5121232
finer, 7062, 78, 1860927, 66470, 4724475
cobra, 7071, 78, 1761298, 110753, 4441105
urine, 7102, 78, 2125398, 68894, 5225336
adorn, 7106, 78, 1972453, 91469, 4965264
mural, 7137, 78, 1958804, 78532, 4807605
rivet, 7154, 78, 1834663, 73567, 4739374
rogue, 7166, 78, 1973754, 88921, 5002201
swung, 7171, 78, 1679455, 154554, 4500784
haute, 7182, 78, 2004621, 59051, 4846675
feign, 7250, 78, 1935163, 84715, 4875969
alive, 7257, 78, 2063855, 65307, 4970160
curve, 7263, 78, 1747832, 82169, 4487744
money, 7278, 78, 2019445, 62332, 5012072
burly, 7281, 78, 1844699, 72627, 4640293
exact, 7287, 78, 1762229, 70493, 4503596
cagey, 7289, 78, 1838930, 57524, 4567720
pinky, 7330, 78, 2006198, 84656, 5114900
tryst, 7356, 78, 1716198, 84721, 4459422
found, 7361, 78, 1989517, 101012, 4955877
topaz, 7374, 78, 1866037, 98285, 4667405
blitz, 7392, 78, 1697419, 68125, 4289791
flown, 7394, 78, 1975051, 119863, 5129734
alley, 7413, 78, 2043793, 66125, 5005353
sorry, 7433, 78, 1769899, 70504, 4364993
wordy, 7433, 78, 2051748, 98506, 5164888
siege, 7441, 78, 1590044, 70408, 4132799
olive, 7447, 78, 2071293, 82128, 5178280
alarm, 7477, 78, 1966927, 85083, 4920632
segue, 7480, 78, 1610937, 95839, 4252292
chill, 7497, 78, 1825235, 75182, 4570896
needy, 7503, 78, 2069893, 75693, 5298811
bliss, 7513, 78, 1645022, 83772, 4222310
theta, 7523, 78, 1888836, 79942, 4774687
lupus, 7564, 78, 1722616, 143581, 4509427
dusky, 7565, 78, 1819753, 118004, 4795800
humus, 7663, 78, 1773147, 158095, 4629859
guppy, 7670, 78, 1873542, 104233, 4806074
opera, 7022, 79, 1809330, 76474, 4513486
rhino, 7040, 79, 2154536, 106552, 5383433
loamy, 7044, 79, 2021068, 83721, 4962517
guilt, 7083, 79, 1939636, 68937, 4880617
denim, 7103, 79, 1913854, 93796, 4859697
cloak, 7125, 79, 1896970, 86001, 4745469
fruit, 7127, 79, 1870437, 81722, 4687109
caulk, 7166, 79, 1949478, 89325, 4833400
croak, 7179, 79, 1852002, 75039, 4555794
dream, 7188, 79, 1870130, 63763, 4632770
brisk, 7188, 79, 1638212, 78147, 4163188
about, 7216, 79, 1867991, 113515, 4826620
easel, 7233, 79, 1821559, 91481, 4589027
newly, 7294, 79, 2136075, 96014, 5508957
local, 7296, 79, 1969574, 82654, 4844710
eagle, 7301, 79, 2047241, 90185, 5132041
motor, 7301, 79, 1855646, 59765, 4550669
gravy, 7355, 79, 1865160, 62521, 4605388
drool, 7363, 79, 1932381, 77242, 4755399
rocky, 7365, 79, 2019388, 104685, 5123280
ovate, 7389, 79, 1858400, 66227, 4681016
silly, 7402, 79, 1754879, 72337, 4400518
genre, 7406, 79, 1897645, 68669, 4850455
decoy, 7406, 79, 1853786, 75864, 4713470
itchy, 7416, 79, 1910974, 118229, 5110394
dozen, 7438, 79, 1955963, 72134, 4873592
vinyl, 7440, 79, 2136618, 86614, 5414685
sheer, 7440, 79, 1466744, 80675, 3877647
masse, 7461, 79, 1712121, 79659, 4358325
renew, 7513, 79, 1985130, 99566, 5128662
dodgy, 7517, 79, 1912022, 89233, 4766144
holly, 7521, 79, 2106792, 77370, 5187319
picky, 7522, 79, 1884663, 96376, 4873271
dried, 7546, 79, 1952841, 60377, 4810159
hippo, 7550, 79, 2020558, 136188, 5139245
heavy, 7551, 79, 1994589, 69468, 4866898
dally, 7571, 79, 2033473, 62318, 4965379
zesty, 7574, 79, 1789747, 84830, 4748355
creek, 7614, 79, 1778351, 77801, 4570967
drawn, 7032, 80, 1961782, 85329, 4832865
radio, 7083, 80, 1958180, 88447, 4829556
rayon, 7086, 80, 2067241, 79805, 5097734
urban, 7093, 80, 2024447, 96455, 5066289
lunge, 7124, 80, 2030699, 88952, 5182841
faith, 7142, 80, 1846061, 72892, 4605635
matey, 7169, 80, 1845360, 53281, 4592253
dough, 7188, 80, 2065647, 123655, 5161174
mourn, 7204, 80, 2150360, 92327, 5269600
vista, 7243, 80, 1693287, 96694, 4328258
lease, 7247, 80, 1799084, 76293, 4551218
erase, 7260, 80, 1733006, 70221, 4353343
sauna, 7300, 80, 1595136, 80206, 3990548
trite, 7313, 80, 1929199, 50695, 4751562
rumba, 7314, 80, 1950550, 149908, 5012966
armor, 7352, 80, 1902198, 81261, 4692147
usher, 7367, 80, 1680556, 131769, 4571274
grove, 7368, 80, 1811835, 81275, 4595083
rearm, 7390, 80, 1957673, 82326, 4907613
title, 7396, 80, 1883370, 62163, 4749790
apply, 7464, 80, 1900668, 108958, 4926220
junta, 7480, 80, 1979857, 73754, 4903900
green, 7482, 80, 1872795, 68295, 4752737
moron, 7484, 80, 2037856, 73835, 4992077
undue, 7548, 80, 2019871, 94051, 5321818
putty, 7566, 80, 1876654, 74311, 4768489
teddy, 7639, 80, 1861793, 67945, 4841828
batty, 7651, 80, 1743167, 52537, 4345119
awash, 7653, 80, 1769226, 109778, 4583236
vodka, 7735, 80, 2083148, 101619, 5187555
idyll, 7770, 80, 2136986, 114748, 5695114
motto, 7773, 80, 1851965, 83289, 4636666
cheek, 7779, 80, 1752791, 79371, 4554038
fewer, 7779, 80, 1785511, 90370, 4683866
melee, 7804, 80, 1894711, 67002, 4865516
chuck, 7882, 80, 1894748, 106489, 4839834
remit, 6875, 81, 1848660, 97299, 4864312
acorn, 6993, 81, 1872078, 89026, 4699863
cargo, 7001, 81, 1766096, 96570, 4411191
anvil, 7156, 81, 1973123, 106348, 4989329
abhor, 7198, 81, 1842701, 124182, 4680717
allot, 7230, 81, 1893208, 75071, 4693705
young, 7233, 81, 2308324, 110832, 5729892
trust, 7291, 81, 1728165, 97106, 4414438
joust, 7378, 81, 1845197, 91569, 4657814
mania, 7423, 81, 1887117, 65416, 4726079
loose, 7424, 81, 1760077, 67544, 4460281
waxen, 7508, 81, 1894535, 62222, 4686101
edify, 7518, 81, 1987098, 117887, 5425156
payee, 7525, 81, 1965788, 55405, 4915792
bulky, 7527, 81, 1946478, 91271, 4948183
goody, 7553, 81, 1877783, 66087, 4638659
crack, 7566, 81, 1876535, 53462, 4550216
coach, 7598, 81, 1875398, 73848, 4521859
baggy, 7640, 81, 1747029, 81871, 4543480
hutch, 7640, 81, 1854993, 119487, 4910878
gummy, 7673, 81, 1888546, 98355, 4845064
savvy, 7679, 81, 1579391, 71060, 4001557
filly, 7680, 81, 1929944, 75896, 4893231
begin, 7060, 82, 1777028, 81050, 4474291
cigar, 7084, 82, 1760019, 69301, 4420900
truly, 7149, 82, 1985669, 70704, 5067015
brink, 7170, 82, 1905708, 67821, 4723164
alike, 7183, 82, 2058750, 60646, 4959229
savoy, 7268, 82, 1647575, 75652, 4116534
grill, 7323, 82, 1788212, 58993, 4428557
fungi, 7327, 82, 2003118, 118022, 5076287
crier, 7335, 82, 1809222, 58098, 4479959
guide, 7336, 82, 1900933, 78479, 4806107
truer, 7358, 82, 1917642, 75088, 4820994
inane, 7410, 82, 2029009, 54334, 4997393
ovine, 7414, 82, 2144905, 91544, 5492529
crazy, 7414, 82, 1795110, 51497, 4378110
rider, 7455, 82, 1964887, 78498, 4995484
swill, 7467, 82, 1698711, 117222, 4524543
exult, 7471, 82, 1823675, 79193, 4777451
gayly, 7481, 82, 1877656, 77889, 4758892
mafia, 7534, 82, 1909986, 111181, 4916935
slush, 7542, 82, 1696479, 96669, 4268184
waive, 7556, 82, 1998528, 61314, 4817471
modem, 7598, 82, 1825559, 68967, 4574530
nerve, 7610, 82, 2052243, 85386, 5255456
event, 7625, 82, 1876935, 79213, 4995965
forgo, 7653, 82, 1825997, 101513, 4583947
bossy, 7672, 82, 1635345, 93083, 4208332
myrrh, 7717, 82, 1950567, 98867, 5134686
weedy, 7849, 82, 1957556, 77522, 5005864
lyric, 7148, 83, 1936176, 103872, 5082060
payer, 7236, 83, 1771446, 54676, 4406135
retro, 7247, 83, 1867639, 80010, 4762466
bravo, 7303, 83, 1781517, 87219, 4361910
given, 7334, 83, 1984683, 80817, 5016604
algae, 7366, 83, 2029825, 77417, 5094421
three, 7369, 83, 1836878, 75107, 4880308
recur, 7392, 83, 1853753, 90808, 4762723
wound, 7394, 83, 2094233, 109813, 5224419
usage, 7406, 83, 1711931, 85021, 4446998
flaky, 7407, 83, 1849290, 75264, 4687574
gaudy, 7416, 83, 1941759, 76231, 4863244
truss, 7422, 83, 1732033, 122950, 4458773
fritz, 7427, 83, 1751508, 60184, 4327511
cheer, 7451, 83, 1655193, 80623, 4344793
surer, 7464, 83, 1570941, 73049, 4025887
mambo, 7523, 83, 1798780, 102533, 4538195
tibia, 7528, 83, 1844485, 101115, 4721208
abbot, 7543, 83, 1806748, 127716, 4784757
outdo, 7556, 83, 2034578, 108774, 5197882
quoth, 7583, 83, 2126447, 107184, 5344903
serve, 7597, 83, 1572840, 85110, 4117176
catty, 7601, 83, 1805981, 55795, 4506936
loopy, 7625, 83, 2103151, 91962, 5299919
tweed, 7663, 83, 1811724, 101664, 4944489
sense, 7681, 83, 1596769, 59789, 4074058
tabby, 7714, 83, 1849284, 96608, 4790141
wacky, 7744, 83, 1955890, 82654, 4938192
learn, 6878, 84, 1996914, 61518, 4868901
miser, 7137, 84, 1615572, 83053, 4185216
guise, 7181, 84, 1719036, 86622, 4464039
entry, 7186, 84, 1918123, 83256, 5104358
minus, 7187, 84, 1785192, 150952, 4700825
motif, 7214, 84, 1964467, 122083, 4986883
vomit, 7313, 84, 1997446, 89817, 5040279
gayer, 7348, 84, 1826485, 53638, 4560595
retry, 7374, 84, 1965215, 72232, 5054620
floor, 7397, 84, 1821562, 70229, 4531439
canon, 7407, 84, 1874366, 67495, 4582138
timid, 7436, 84, 1841020, 89202, 4793515
eager, 7462, 84, 1953820, 88972, 4882750
troll, 7462, 84, 1918823, 63972, 4764476
dolly, 7482, 84, 2025013, 74437, 5017273
woven, 7506, 84, 2014185, 78094, 5035663
golly, 7510, 84, 1955316, 67057, 4844522
patty, 7511, 84, 1774055, 54263, 4413903
paper, 7520, 84, 1766348, 58424, 4380646
cinch, 7562, 84, 1812736, 82548, 4552872
pupal, 7585, 84, 1954078, 77211, 4765041
chaff, 7599, 84, 1800179, 112989, 4585084
usurp, 7629, 84, 1780479, 148042, 4832061
karma, 7645, 84, 2094683, 94755, 5287086
swish, 7656, 84, 1642373, 107330, 4315629
skulk, 7657, 84, 1654752, 96551, 4342562
abbey, 7712, 84, 1929486, 100395, 5066481
gaffe, 7738, 84, 1942840, 91145, 4939054
plaza, 7743, 84, 1916212, 81420, 4808482
enemy, 7750, 84, 1960917, 90129, 5271079
guile, 7063, 85, 1936796, 67167, 4889173
audit, 7097, 85, 1889537, 80040, 4707611
suing, 7103, 85, 1717911, 93461, 4320401
curly, 7160, 85, 1846686, 73847, 4658280
unity, 7236, 85, 2218210, 88190, 5732107
forty, 7281, 85, 1863688, 70340, 4668499
foamy, 7282, 85, 1864488, 85236, 4619368
risky, 7344, 85, 1905053, 114740, 4998675
zonal, 7353, 85, 2134403, 75790, 5122664
forum, 7369, 85, 1993311, 108940, 4950843
hydro, 7371, 85, 2026326, 106221, 5276568
wager, 7383, 85, 1883666, 83271, 4740689
ditto, 7420, 85, 1946458, 89743, 4929092
taboo, 7424, 85, 1896992, 116032, 4842902
borax, 7447, 85, 1755993, 73016, 4229427
eking, 7448, 85, 2004301, 113738, 5305870
toxic, 7455, 85, 1964630, 112231, 4959425
ninth, 7458, 85, 2011970, 89219, 5082349
graze, 7462, 85, 1824438, 57341, 4519756
fluke, 7468, 85, 1882741, 80011, 4828731
toddy, 7486, 85, 1940854, 80534, 4910857
again, 7504, 85, 1955591, 82641, 4950632
iliac, 7538, 85, 1995498, 82610, 4934968
waver, 7563, 85, 1939178, 70973, 4845948
index, 7580, 85, 2040698, 98268, 5299303
salsa, 7650, 85, 1688653, 68457, 4140180
clock, 7686, 85, 1843800, 85772, 4682200
ferry, 7687, 85, 1850035, 75062, 4729199
folly, 7695, 85, 1952937, 77918, 4886355
papal, 7702, 85, 1892959, 75005, 4659198
intro, 7001, 86, 2047253, 108618, 5296810
yearn, 7083, 86, 2107875, 58221, 5186839
royal, 7143, 86, 2023058, 70314, 4881423
latte, 7167, 86, 1948767, 61669, 4849038
rough, 7181, 86, 2108957, 133148, 5249625
rival, 7193, 86, 1997671, 81264, 4926729
glory, 7208, 86, 1932689, 79219, 4922476
umbra, 7407, 86, 1958658, 167534, 5221542
avail, 7409, 86, 2047851, 87046, 5093208
rally, 7415, 86, 2080601, 66198, 5083472
roger, 7451, 86, 1933093, 82355, 4892923
alloy, 7478, 86, 1980260, 87085, 4895153
basis, 7501, 86, 1505643, 76327, 3810767
gully, 7501, 86, 1970324, 76529, 4965062
tasty, 7534, 86, 1707265, 83605, 4369046
maize, 7540, 86, 1904429, 53614, 4610753
unify, 7543, 86, 2251158, 132938, 5992111
etude, 7545, 86, 1898969, 84253, 5028706
ruder, 7566, 86, 1948854, 86151, 5016572
hippy, 7597, 86, 2001035, 104575, 5105418
never, 7601, 86, 1964072, 76486, 5066715
comma, 7626, 86, 1818926, 102072, 4550209
skull, 7634, 86, 1684886, 111059, 4416197
gruff, 7646, 86, 1877407, 141359, 4767756
knoll, 7716, 86, 2136564, 93855, 5459902
offer, 7760, 86, 1943529, 127317, 5186938
fussy, 7833, 86, 1768088, 121120, 4688641
cabby, 7862, 86, 1787205, 75224, 4529735
sassy, 7892, 86, 1537648, 47055, 3823758
tepee, 7911, 86, 1824996, 73787, 4792837
minor, 7128, 87, 2079372, 82050, 5139619
trait, 7214, 87, 1995756, 54753, 4849942
drunk, 7298, 87, 2022432, 90188, 5071806
terra, 7331, 87, 1871056, 65849, 4661894
fiery, 7345, 87, 1870263, 68426, 4753441
major, 7397, 87, 1829170, 76253, 4508915
helix, 7429, 87, 2000996, 90203, 4892029
zebra, 7454, 87, 1920863, 125016, 4979618
outgo, 7462, 87, 2085797, 113731, 5271997
hilly, 7509, 87, 2107189, 80849, 5248375
soggy, 7585, 87, 1604266, 87835, 4066155
thigh, 7601, 87, 1882466, 87010, 4834107
rabbi, 7602, 87, 1852330, 131556, 4748605
billy, 7607, 87, 1863495, 70099, 4699124
evade, 7627, 87, 1982783, 85074, 5109775
rower, 7627, 87, 2017581, 83140, 5050841
venue, 7636, 87, 2154707, 84274, 5442270
froze, 7636, 87, 1792312, 78961, 4489872
sushi, 7640, 87, 1670740, 118178, 4204596
leggy, 7663, 87, 1951199, 91227, 5057630
squib, 7733, 87, 1652526, 141869, 4417112
plump, 7746, 87, 1920240, 111203, 4856782
lobby, 7747, 87, 2066447, 126155, 5316711
exert, 7775, 87, 1765405, 79415, 4740520
tooth, 7834, 87, 2070283, 77211, 5099106
jewel, 7998, 87, 2025932, 85909, 5147105
round, 7065, 88, 2167052, 99219, 5356599
agile, 7082, 88, 1951589, 74628, 4902192
ultra, 7134, 88, 1886954, 74058, 4747111
flour, 7205, 88, 1935501, 85131, 4811902
viral, 7216, 88, 1997078, 78685, 4921523
begun, 7226, 88, 1805387, 96982, 4609380
owing, 7297, 88, 2172670, 150959, 5642327
foray, 7300, 88, 1871087, 72013, 4603982
flail, 7408, 88, 1898116, 59888, 4674251
squat, 7411, 88, 1592690, 95525, 4122319
frill, 7444, 88, 1754656, 52937, 4284160
koala, 7446, 88, 2164120, 70724, 5221087
agate, 7457, 88, 1834740, 67715, 4641421
utter, 7470, 88, 1857216, 78831, 4815825
award, 7527, 88, 1956026, 104253, 5102313
video, 7547, 88, 2023564, 78697, 5045368
ensue, 7577, 88, 1768062, 118862, 4792226
kneed, 7600, 88, 2013998, 86728, 5322421
envoy, 7603, 88, 1992245, 79922, 5198070
icing, 7608, 88, 1976761, 103667, 5170622
offal, 7624, 88, 1965942, 150154, 5166772
sieve, 7642, 88, 1624133, 70135, 4186216
canny, 7650, 88, 1899766, 52419, 4670298
proxy, 7654, 88, 1972228, 88763, 4978330
tenet, 7657, 88, 1915119, 60872, 4844700
fatty, 7660, 88, 1783781, 55725, 4452886
fifth, 7722, 88, 1765606, 96938, 4517903
eject, 7790, 88, 1686448, 91376, 4609945
equip, 7795, 88, 1891170, 129072, 4978861
fever, 7831, 88, 1781556, 85531, 4697989
bluff, 7848, 88, 1880430, 132299, 4839333
tweet, 7957, 88, 1870729, 95661, 5021512
ratio, 7013, 89, 1887798, 71963, 4635609
curio, 7201, 89, 1994738, 100724, 4978741
gaily, 7226, 89, 1942816, 62816, 4798171
aunty, 7281, 89, 2005475, 70401, 4916303
total, 7282, 89, 1909409, 66449, 4619009
arbor, 7319, 89, 1898536, 108426, 4759884
tutor, 7366, 89, 2049106, 82775, 5131057
bongo, 7452, 89, 1876897, 87950, 4643045
ruler, 7502, 89, 1982248, 74753, 4971715
sunny, 7575, 89, 1741117, 74612, 4387914
hunch, 7609, 89, 1952748, 107506, 4961096
missy, 7632, 89, 1783856, 107134, 4709673
crick, 7650, 89, 1863163, 64829, 4607513
moody, 7657, 89, 1941806, 77650, 4821085
skunk, 7675, 89, 1660103, 106530, 4390092
nylon, 7679, 89, 2207005, 105045, 5685434
livid, 7727, 89, 2023488, 96722, 5151187
valve, 7727, 89, 2092050, 72626, 5109505
penne, 7789, 89, 1899639, 61968, 4834258
booze, 7811, 89, 1689618, 55686, 4154762
seize, 7829, 89, 1643721, 64292, 4140183
hoist, 6961, 90, 1794936, 98175, 4569281
noisy, 7108, 90, 2009299, 97196, 5082559
dingo, 7143, 90, 2022395, 112794, 5110858
wiser, 7235, 90, 1648836, 78159, 4239208
avoid, 7386, 90, 1918952, 106238, 4807265
virus, 7465, 90, 1845910, 118597, 4696621
opium, 7474, 90, 2146203, 156784, 5586639
rural, 7481, 90, 2098803, 78783, 5121204
piper, 7493, 90, 1755797, 65366, 4432228
rodeo, 7494, 90, 1928929, 73017, 4782587
twist, 7498, 90, 1656515, 113078, 4455639
extra, 7513, 90, 1671553, 75139, 4380161
bitty, 7527, 90, 1800640, 61900, 4545105
relax, 7541, 90, 1945754, 73928, 4755898
aware, 7562, 90, 1934366, 78325, 4934838
quote, 7596, 90, 1949940, 68402, 4897287
krill, 7598, 90, 2042997, 61470, 4978245
verse, 7633, 90, 1710057, 90700, 4537195
oxide, 7680, 90, 2016316, 84893, 5151467
brook, 7710, 90, 1875752, 89304, 4677148
bully, 7751, 90, 1880161, 75539, 4735770
wooly, 7801, 90, 2097153, 78900, 5157981
jumpy, 7830, 90, 2076414, 127173, 5371380
whiff, 7948, 90, 1988769, 137665, 5132351
merit, 6861, 91, 1796820, 81459, 4615047
arena, 7278, 91, 1985403, 53336, 4780662
limit, 7364, 91, 1860558, 85435, 4805977
prior, 7366, 91, 1986065, 69032, 4914838
joint, 7388, 91, 2095744, 81745, 5185284
truth, 7425, 91, 2031889, 90099, 5062727
giver, 7459, 91, 1810295, 75775, 4644420
rowdy, 7489, 91, 2099690, 116586, 5351188
murky, 7528, 91, 2066322, 108689, 5292026
squad, 7535, 91, 1571958, 95197, 4074532
gazer, 7574, 91, 1820306, 61625, 4535650
pupil, 7575, 91, 1967188, 85248, 4869857
crook, 7581, 91, 1852141, 95263, 4665501
conic, 7586, 91, 1933712, 86567, 4752356
folio, 7612, 91, 1981339, 87305, 4875347
ionic, 7626, 91, 2086423, 93374, 5154846
sever, 7638, 91, 1511021, 79204, 3956883
wooer, 7654, 91, 1901278, 56680, 4636648
cliff, 7716, 91, 1839414, 109354, 4739297
judge, 7746, 91, 1968349, 98799, 5164396
couch, 7748, 91, 1946354, 103623, 4792771
array, 7773, 91, 1986664, 53191, 4899257
fully, 7804, 91, 1950411, 85989, 4935771
assay, 7860, 91, 1645910, 90982, 4293138
expel, 7931, 91, 1845892, 105362, 5047966
flora, 7191, 92, 1764708, 72471, 4366156
joist, 7301, 92, 1798720, 86521, 4540782
vigor, 7420, 92, 2079821, 92663, 5272503
inner, 7426, 92, 2038959, 69041, 5208419
lever, 7614, 92, 1897364, 77167, 4870245
goose, 7628, 92, 1689033, 64662, 4297616
juice, 7650, 92, 1973934, 75501, 4972671
fjord, 7662, 92, 1884768, 114067, 5017932
gauze, 7680, 92, 2004905, 63255, 4846669
revue, 7689, 92, 2062151, 111299, 5383265
dandy, 7699, 92, 1983404, 63072, 4951538
elegy, 7727, 92, 1980040, 81227, 5185077
paddy, 7737, 92, 1812696, 70118, 4593179
giddy, 7739, 92, 1866062, 78353, 4778119
refer, 8001, 92, 1939684, 103057, 5145390
using, 7231, 93, 1867344, 133825, 4966179
aloud, 7291, 93, 2030884, 94841, 4972668
aorta, 7372, 93, 1901087, 62233, 4570714
tally, 7408, 93, 1954670, 55658, 4823794
voice, 7449, 93, 1985307, 69172, 4952427
dowry, 7451, 93, 2049515, 96529, 5183240
curvy, 7465, 93, 1893909, 95503, 4818753
lucky, 7466, 93, 2051191, 114056, 5339704
order, 7472, 93, 1959955, 73074, 4898291
aloof, 7511, 93, 1937687, 117168, 4878110
blurb, 7585, 93, 1812489, 82749, 4538040
azure, 7586, 93, 1953557, 71845, 4918351
crock, 7635, 93, 1861774, 90242, 4713234
kiosk, 7677, 93, 1934402, 118331, 4974412
udder, 7727, 93, 1925138, 94296, 5066279
wryly, 7778, 93, 1925351, 66249, 4816221
verge, 7837, 93, 1987368, 93586, 5198159
caddy, 7845, 93, 1821239, 62479, 4604141
which, 7854, 93, 1883473, 100451, 4828946
amass, 7940, 93, 1737246, 115976, 4602154
afoul, 7280, 94, 2009380, 132435, 5094266
donor, 7305, 94, 2024798, 65302, 4925841
weary, 7352, 94, 1950989, 56775, 4779928
honor, 7425, 94, 2140884, 66296, 5118950
awful, 7456, 94, 2085361, 186930, 5520390
junto, 7495, 94, 2081162, 96924, 5225870
agree, 7512, 94, 1932982, 76813, 5038626
rigor, 7528, 94, 2065974, 98050, 5274559
adage, 7530, 94, 1961169, 80153, 4970820
erode, 7530, 94, 1963725, 79980, 4947495
ditty, 7544, 94, 1903484, 70110, 4836614
rumor, 7559, 94, 2174842, 107935, 5501113
quash, 7630, 94, 1859740, 96245, 4632130
hussy, 7675, 94, 1914355, 127159, 5031456
ennui, 7683, 94, 1974771, 85815, 4988785
icily, 7714, 94, 2061444, 92452, 5388767
joker, 7719, 94, 1972336, 78751, 4943025
dully, 7721, 94, 2014949, 79729, 5081580
comic, 7726, 94, 1858060, 106773, 4661234
taffy, 7750, 94, 1873698, 90144, 4858949
chick, 7840, 94, 1879364, 81248, 4790163
geese, 7927, 94, 1703897, 85543, 4499009
amaze, 7951, 94, 1995440, 81247, 4984536
atoll, 7297, 95, 1844130, 72700, 4578810
audio, 7371, 95, 2023510, 94172, 4882628
idiot, 7403, 95, 2039571, 95756, 5282236
trout, 7405, 95, 2050577, 88959, 5127630
ratty, 7473, 95, 1979427, 58597, 4958304
leery, 7514, 95, 1999353, 64844, 5022336
aroma, 7514, 95, 1891479, 102446, 4671496
covey, 7546, 95, 1839888, 57039, 4607776
gorge, 7576, 95, 1810024, 51418, 4438125
afoot, 7612, 95, 1892565, 96463, 4895844
cynic, 7641, 95, 1869461, 78057, 4798774
diode, 7679, 95, 1945300, 69928, 4813550
guess, 7685, 95, 1669147, 96023, 4337122
cache, 7687, 95, 1845317, 66074, 4507688
willy, 7737, 95, 2066489, 82543, 5192322
pulpy, 7766, 95, 1975725, 82142, 4941660
guava, 7886, 95, 2036355, 81366, 5078612
vicar, 7275, 96, 1915988, 71429, 4767102
taint, 7327, 96, 1982416, 71321, 4879256
loyal, 7501, 96, 2063975, 79203, 5034707
sully, 7529, 96, 1751337, 76996, 4373745
odder, 7529, 96, 1934339, 86318, 5018185
movie, 7539, 96, 1952218, 72730, 4854471
curry, 7560, 96, 1927282, 83194, 4848768
arrow, 7567, 96, 1999262, 95490, 4858851
merry, 7653, 96, 1887328, 75740, 4792564
aging, 7655, 96, 1933438, 98361, 4887094
rover, 7684, 96, 2017726, 74075, 5021872
lowly, 7788, 96, 2163310, 107247, 5471651
buxom, 7799, 96, 1841630, 132733, 4703147
heave, 7800, 96, 2050295, 74367, 5073859
rarer, 7836, 96, 2030831, 63851, 5014841
funny, 7855, 96, 2012190, 78539, 5069165
cacao, 7936, 96, 1878053, 61108, 4594863
freer, 7940, 96, 1801187, 69020, 4645224
riser, 7483, 97, 1687602, 76228, 4339665
nutty, 7578, 97, 2115786, 88248, 5415489
dodge, 7643, 97, 1880898, 67873, 4720306
roomy, 7683, 97, 2106473, 87173, 5242402
foggy, 7702, 97, 1858400, 98025, 4719739
cycle, 7728, 97, 1720364, 60720, 4529997
awake, 7834, 97, 2092179, 95053, 5254426
radii, 7343, 98, 2019797, 93889, 5016257
bayou, 7372, 98, 1839635, 84354, 4539922
going, 7507, 98, 2056249, 79940, 5008758
allow, 7567, 98, 1969012, 120173, 4921004
qualm, 7605, 98, 2140192, 93185, 5270652
ahead, 7630, 98, 1947793, 84014, 4836410
unzip, 7642, 98, 2102710, 141991, 5508529
river, 7680, 98, 1994735, 76968, 5069728
kitty, 7756, 98, 2097776, 72274, 5330678
fifty, 7761, 98, 1801933, 66274, 4554966
woody, 7792, 98, 2003246, 83970, 4984821
ovoid, 7888, 98, 2128346, 137978, 5512509
jetty, 7955, 98, 1979764, 64937, 5056237
puffy, 7998, 98, 1974872, 116837, 5173068
jelly, 8007, 98, 2089458, 75776, 5302721
lunar, 7045, 99, 2054847, 73208, 5016773
toxin, 7342, 99, 2060315, 95462, 5096094
viola, 7355, 99, 1994730, 81917, 4852396
tulle, 7447, 99, 1883431, 66991, 4758223
visit, 7598, 99, 1688042, 84430, 4378638
dread, 7600, 99, 1916245, 45346, 4636277
goofy, 7714, 99, 1946906, 93159, 4874412
vixen, 7740, 99, 2105931, 77079, 5308021
civil, 7744, 99, 1827416, 78728, 4613457
allay, 7760, 99, 2012024, 73366, 5002157
ozone, 7894, 99, 2050882, 88247, 5295085
slyly, 7972, 99, 1640882, 67941, 4202186
magma, 7981, 99, 1890240, 84444, 4840009
kappa, 8041, 99, 2029904, 120658, 5174176
titan, 7319, 100, 1960022, 71316, 4857197
friar, 7357, 100, 1966866, 49562, 4726366
igloo, 7363, 100, 2066304, 110633, 5247261
vogue, 7563, 100, 2068043, 84987, 5201376
amiss, 7599, 100, 1698216, 117094, 4421863
radar, 7714, 100, 2057957, 65227, 5118617
gauge, 7749, 100, 2000438, 57819, 4807794
gamma, 8013, 100, 1897843, 88848, 4840350
rerun, 7460, 101, 2089598, 98757, 5291540
quilt, 7498, 101, 2044555, 72309, 5100768
quite, 7606, 101, 2000853, 64612, 5015262
issue, 7658, 101, 1776777, 116284, 4718624
pique, 7727, 101, 1829237, 83723, 4645264
khaki, 7797, 101, 2090208, 72106, 5051391
ruddy, 7818, 101, 2084891, 110924, 5377657
jerky, 7843, 101, 2020771, 82024, 5161589
cubic, 7866, 101, 1883143, 102915, 4801765
teeth, 7906, 101, 1936773, 80629, 4905508
voila, 7358, 102, 2059633, 73235, 4912692
annul, 7452, 102, 2052792, 97448, 5066333
quart, 7465, 102, 2004614, 55492, 4908669
fixer, 7592, 102, 1765684, 70175, 4493235
villa, 7601, 102, 2066744, 81237, 5032756
avian, 7620, 102, 1988909, 92665, 5079269
alibi, 7626, 102, 1871519, 98624, 4658455
witty, 7678, 102, 1928035, 73926, 4905226
click, 7772, 102, 1896630, 68874, 4788407
dowdy, 7811, 102, 1991677, 105041, 5024568
exile, 7823, 102, 2095117, 87607, 5449232
llama, 7846, 102, 2055018, 99890, 5233935
muddy, 7917, 102, 1910534, 102348, 4925914
mammy, 7968, 102, 1799536, 57994, 4521823
boozy, 8083, 102, 1835364, 67953, 4478693
tiara, 7389, 103, 1936218, 61436, 4801246
quiet, 7542, 103, 1969934, 61716, 4946523
augur, 7726, 103, 1970881, 85527, 4874676
enjoy, 7821, 103, 1960514, 84433, 5124348
weave, 7878, 103, 2025577, 78042, 5007765
irony, 7255, 104, 2292112, 86513, 5731024
usual, 7621, 104, 1865058, 107148, 4776269
rotor, 7657, 104, 1967878, 58179, 4812741
gooey, 7756, 104, 1895833, 50676, 4657058
dummy, 7925, 104, 1927728, 108253, 4994251
excel, 7941, 104, 1817745, 104808, 4996231
buddy, 7966, 104, 1832030, 94703, 4690194
lorry, 7566, 105, 2126774, 74937, 5239892
leave, 7580, 105, 2083224, 81138, 5185914
quota, 7617, 105, 1993876, 80573, 4914018
inbox, 7688, 105, 2072898, 160406, 5422665
nanny, 7857, 105, 2010713, 55545, 5013890
epoxy, 7902, 105, 1857503, 114253, 4906319
agora, 7579, 106, 1899901, 90244, 4778723
bunny, 7741, 106, 1927103, 69181, 4843817
cluck, 7841, 106, 1926943, 93176, 4861585
hurry, 7773, 107, 2215464, 91943, 5516490
idiom, 7792, 107, 2131618, 130231, 5587580
furry, 7825, 107, 2020500, 87118, 5102091
emcee, 8055, 107, 1808825, 108172, 4998734
visor, 7317, 108, 1885553, 97477, 4796917
equal, 7660, 108, 2082816, 101646, 5229397
razor, 7662, 108, 1981112, 73457, 4877974
penny, 7696, 108, 1904325, 62367, 4817642
quack, 7754, 108, 2092633, 85594, 5258079
biddy, 7892, 108, 1828241, 81146, 4654108
rajah, 7968, 108, 2062601, 86822, 5077214
kayak, 8083, 108, 2051414, 60788, 5168622
furor, 7675, 109, 2036459, 84365, 5135884
annex, 7798, 109, 1914014, 67800, 4708220
madam, 7918, 109, 1872445, 75224, 4719026
every, 7978, 109, 1977770, 95155, 5288308
pixie, 8056, 109, 1801575, 57503, 4512157
cocoa, 8081, 109, 1872153, 67809, 4550284
juicy, 7855, 110, 2138283, 87092, 5409982
fugue, 7926, 110, 1830134, 83479, 4749436
widow, 8016, 110, 1988364, 110913, 5014594
jolly, 8022, 110, 2169094, 79164, 5355523
known, 8076, 110, 2202589, 157649, 5869659
circa, 7412, 111, 1787671, 76135, 4419843
druid, 7635, 111, 2068376, 86593, 5099437
axiom, 7708, 111, 1895987, 97124, 4735032
eerie, 7926, 111, 2059813, 74991, 5149007
booby, 8161, 111, 1826743, 65813, 4431490
axial, 7785, 112, 2070074, 94558, 5135660
occur, 7576, 113, 2085232, 130294, 5362766
annoy, 7609, 113, 2005337, 82717, 4968511
shush, 8104, 113, 1686281, 92223, 4238809
ovary, 7484, 114, 2114781, 90515, 5303141
undid, 7732, 114, 2119692, 126308, 5468808
geeky, 7962, 114, 1943792, 62900, 4961479
essay, 7673, 115, 1739005, 74535, 4465347
maxim, 7879, 115, 1872492, 71996, 4638513
quake, 7879, 115, 2085682, 68825, 5114057
kinky, 7886, 115, 2195010, 78232, 5545716
level, 8017, 115, 1976404, 83118, 5033460
mimic, 8170, 115, 1779452, 89651, 4508777
verve, 8276, 115, 1955463, 79685, 5011737
quail, 7481, 116, 2120158, 63389, 5100687
quasi, 7662, 116, 1815997, 89324, 4479996
quell, 8040, 116, 2021660, 73759, 5033743
worry, 7812, 117, 2114951, 87881, 5231477
poppy, 8162, 117, 1898273, 72800, 4598197
bobby, 8243, 117, 1814443, 70177, 4398836
quick, 7983, 118, 2107273, 97688, 5399400
tatty, 8008, 118, 1919904, 49262, 4726019
error, 8100, 118, 1919087, 51699, 4733592
gouge, 7800, 119, 1979563, 65952, 4846394
pizza, 7996, 120, 1817336, 77151, 4495779
twixt, 8020, 122, 1883422, 106846, 4910787
axion, 7531, 124, 1967836, 83063, 4830942
quark, 7755, 124, 2196026, 64788, 5328926
evoke, 8119, 124, 1971009, 111817, 5287172
sissy, 8005, 125, 1681149, 59366, 4182264
query, 7885, 127, 2088141, 78388, 5295352
jazzy, 8310, 127, 1925100, 61336, 4814664
fizzy, 8250, 128, 1881849, 78978, 4751999
jiffy, 8238, 129, 2080402, 108468, 5401316
quirk, 7814, 131, 2249447, 85529, 5548669
ninja, 8084, 131, 1953227, 79658, 4864196
minim, 8178, 131, 1928662, 74398, 4810575
fluff, 8336, 131, 1932473, 90499, 4793631
woozy, 8278, 132, 2020110, 83230, 4947137
affix, 8068, 134, 1921904, 154307, 5009300
daddy, 8249, 134, 1896676, 51281, 4691970
queen, 8025, 135, 2113037, 78012, 5384268
onion, 8066, 135, 2165991, 104181, 5467674
union, 7816, 136, 2256680, 107044, 5681435
juror, 8017, 138, 2233784, 84827, 5564467
ninny, 8105, 140, 2122371, 65200, 5289597
mamma, 8367, 141, 1881952, 67926, 4726233
queer, 8127, 144, 1986602, 78524, 5118726
puppy, 8330, 144, 1948731, 80902, 4826890
fuzzy, 8455, 145, 1931968, 87543, 4848019
mummy, 8369, 146, 1993754, 80678, 4958369
quill, 8092, 147, 2161073, 76580, 5309830
vivid, 8345, 149, 1964857, 77135, 4986015
dizzy, 8284, 151, 1965868, 76074, 4939828
civic, 8327, 155, 1797182, 81831, 4487719
ivory, 7680, 159, 2259442, 114460, 5881851
queue, 8594, 182, 2011301, 71429, 5129619
